"WorkerID","WorkerStatus","WorkerType","UserID","FirstName","LastName","FullName","GenderPronoun","ManagerID","HireDate","OnLeave","Department","Division","CostCenter","Company","Location","JobTitle","StreetAddress","City","CountryCode","OfficePhone","Custom01","Custom02","ZipCode"
"1513","Active","Employee","EMP1513","Ginnie","Fadiman","Ginnie Fadiman","HE/HIM","1959","2010-07-10","False","Product Engineering","Food","CC3035","Woodgrove","Asia Pacific","Project Manager","101 Woodgrove Way","Frankfurt","UK","259-915-1098","Y1083","","79985"
"1783","Active","Employee","EMP1783","Genevra","Melony","Genevra Melony","THEY/THEM","1535","2017-08-21","True","Sales","Media","CC5081","Fabrikam","Asia Pacific","Software Developer","303 Mansion Ct","Chicago","US","150-150-1586","C1084","","71677"
"1895","Active","Employee","EMP1895","Nyssa","Roscoe","Nyssa Roscoe","SHE/HER","1293","2019-07-03","False","Manufacturing","Pharma","CC9016","Woodgrove","Middle East","Engineering Manager","303 Mansion Ct","Paris","UK","150-150-1586","Y1083","BTK39","76182"
"1423","Inactive","Employee","EMP1423","Annora","Jacinda","Annora Jacinda","HE/HIM","1669","2018-11-17","False","Product Marketing","Pharma","CC9016","Woodgrove","Europe","Project Manager","303 Mansion Ct","San Francisco","US","789-093-2560","Y1083","GUD01","78386"
"1803","Inactive","Employee","EMP1803","Tobe","Stelle","Tobe Stelle","HE/HIM","1995","2019-09-14","True","Human Resources","Media","CC9016","Woodgrove","Europe","Project Manager","404 Legacy Dr","Munich","UK","193-940-1905","P2301","ALK34","58711"
"1521","Inactive","Employee","EMP1521","Winifred","Firmin","Winifred Firmin","HE/HIM","1895","2010-03-23","True","Sales","Electronics","CC1005","Woodgrove","Europe","Business Analyst","698 Menlo Rd","London","IN","193-940-1905","Y1083","GIQ23","37511"
"1011","Inactive","Employee","EMP1011","Fernande","Pillsbury","Fernande Pillsbury","HE/HIM","1668","2022-06-14","True","Human Resources","Media","CC3035","Contoso","North America","Software Developer","303 Mansion Ct","London","US","193-940-1905","P2301","GUD01","48341"
"1954","Active","Employee","EMP1954","Florie","Kravits","Florie Kravits","SHE/HER","1777","2016-11-30","True","Finance","Pharma","CC3035","Contoso","Europe","Customer Service Representative","303 Mansion Ct","Mumbai","IN","937-903-9108","Y1083","BTK39","66406"
"1387","Active","Employee","EMP1387","Mireielle","Philoo","Mireielle Philoo","HE/HIM","1419","2021-01-12","True","Sales","Media","CC9016","Fabrikam","Asia Pacific","Program Manager","","Mumbai","US","150-150-1586","C1084","GIQ23","27343"
"1666","Active","Employee","EMP1666","Lelah","Ummersen","Lelah Ummersen","SHE/HER","1103","2020-10-01","False","Sales","Food","CC5081","Contoso","Middle East","Sales Executive","","San Francisco","IN","193-940-1905","P2301","GIQ23","24782"
"1579","Inactive","Employee","EMP1579","Lilith","Hathaway","Lilith Hathaway","HE/HIM","1464","2018-08-21","False","Sales","Electronics","CC5081","Contoso","North America","Project Manager","404 Legacy Dr","San Francisco","FR","150-150-1586","C1084","GUD01","43346"
"1941","Active","Employee","EMP1941","Adele","Zetta","Adele Zetta","SHE/HER","1458","2011-11-26","False","Manufacturing","Electronics","CC4830","Woodgrove","Asia Pacific","Customer Service Representative","","Munich","IN","451-190-0893","Y1083","ALK34","54043"
"1630","Active","Employee","EMP1630","Cecile","Lail","Cecile Lail","HE/HIM","1947","2017-08-20","False","Manufacturing","Pharma","CC1005","Woodgrove","Europe","Accountant","","Chicago","DE","259-915-1098","C1084","ALK34","17154"
"1369","Inactive","Employee","EMP1369","Joceline","Geffner","Joceline Geffner","HE/HIM","1186","2018-09-14","True","Product Engineering","Electronics","CC1005","Woodgrove","North America","Accountant","","Munich","US","937-903-9108","C1084","GUD01","25142"
"1358","Active","Employee","EMP1358","Codie","Kinnard","Codie Kinnard","THEY/THEM","1044","2018-10-09","False","Product Engineering","Food","CC2001","Woodgrove","Middle East","Sales Executive","202 Great America Parkway","Paris","US","789-093-2560","C1084","GIQ23","73426"
"1138","Active","Employee","EMP1138","Renae","Ardeha","Renae Ardeha","THEY/THEM","1232","2015-08-04","False","Manufacturing","Pharma","CC7018","Fabrikam","Asia Pacific","Program Manager","303 Mansion Ct","London","UK","259-915-1098","C1084","GIQ23","61890"
"1190","Active","Employee","EMP1190","Carly","Durware","Carly Durware","HE/HIM","1065","2010-04-09","False","Product Engineering","Garments","CC9016","Fabrikam","Asia Pacific","Vice President","303 Mansion Ct","Paris","DE","451-190-0893","T1001","GIQ23","72651"
"1280","Active","Employee","EMP1280","Sashenka","Ciapas","Sashenka Ciapas","SHE/HER","1770","2019-04-17","True","Finance","Pharma","CC4830","Fabrikam","Middle East","Business Analyst","202 Great America Parkway","San Francisco","UK","789-093-2560","P2301","GIQ23","51535"
"1481","Inactive","Employee","EMP1481","Nonnah","Cornelia","Nonnah Cornelia","SHE/HER","1692","2013-04-12","False","Manufacturing","Food","CC2001","Contoso","Europe","Program Manager","404 Legacy Dr","San Francisco","US","345-789-1234","Y1083","GUD01","79254"
"1248","Active","Employee","EMP1248","Petronia","Durante","Petronia Durante","SHE/HER","1434","2018-05-20","True","Human Resources","Food","CC7018","Contoso","Middle East","Sales Executive","101 Woodgrove Way","Mumbai","US","150-150-1586","C1084","","22633"
"1099","Inactive","Employee","EMP1099","Calla","Ilka","Calla Ilka","SHE/HER","1801","2015-03-01","True","Sales","Media","CC3035","Woodgrove","Middle East","Engineering Manager","101 Woodgrove Way","Munich","UK","451-190-0893","Y1083","ALK34","35440"
"1060","Inactive","Employee","EMP1060","Leia","Rodmann","Leia Rodmann","SHE/HER","1979","2019-06-27","True","Manufacturing","Pharma","CC2001","Fabrikam","North America","Sales Executive","","Chicago","DE","451-190-0893","Y1083","","81573"
"1918","Active","Employee","EMP1918","Gianina","Gordon","Gianina Gordon","SHE/HER","1857","2021-01-10","False","Product Marketing","Pharma","CC7018","Contoso","North America","Program Manager","303 Mansion Ct","Mumbai","UK","451-190-0893","Y1083","BTK39","57324"
"1403","Active","Employee","EMP1403","Fayre","Yorick","Fayre Yorick","THEY/THEM","1163","2020-03-31","True","Human Resources","Electronics","CC2001","Woodgrove","Middle East","Director","404 Legacy Dr","San Francisco","FR","937-903-9108","T1001","GIQ23","15459"
"1822","Active","Employee","EMP1822","Ida","Tice","Ida Tice","SHE/HER","1337","2020-05-22","True","Manufacturing","Food","CC5081","Fabrikam","Europe","Project Manager","202 Great America Parkway","San Francisco","IN","789-093-2560","C1084","GIQ23","13545"
"1524","Active","Employee","EMP1524","Shel","Garbe","Shel Garbe","SHE/HER","1888","2011-06-22","False","Sales","Garments","CC7018","Contoso","Middle East","Director","","London","UK","259-915-1098","C1084","ALK34","85692"
"1097","Inactive","Employee","EMP1097","Brianna","Amand","Brianna Amand","THEY/THEM","1495","2019-07-09","True","Product Engineering","Food","CC1005","Woodgrove","Asia Pacific","Director","404 Legacy Dr","London","DE","345-789-1234","C1084","BTK39","65877"
"1493","Active","Employee","EMP1493","Jeanna","Palocz","Jeanna Palocz","SHE/HER","1853","2012-05-21","False","Sales","Food","CC7018","Fabrikam","Europe","Director","303 Mansion Ct","San Francisco","US","259-915-1098","C1084","GUD01","51030"
"1951","Active","Employee","EMP1951","Riannon","Sadowski","Riannon Sadowski","THEY/THEM","1558","2011-09-13","False","Human Resources","Electronics","CC5081","Fabrikam","Asia Pacific","Engineering Manager","","London","DE","193-940-1905","T1001","GIQ23","22275"
"1624","Inactive","Employee","EMP1624","Karlee","Imelida","Karlee Imelida","HE/HIM","1202","2015-10-13","False","Human Resources","Electronics","CC7018","Woodgrove","Europe","Business Analyst","698 Menlo Rd","Paris","FR","193-940-1905","P2301","BTK39","40721"
"1773","Inactive","Employee","EMP1773","Tybie","Holbrook","Tybie Holbrook","SHE/HER","1296","2019-06-12","True","Finance","Garments","CC7018","Fabrikam","North America","Program Manager","303 Mansion Ct","Chicago","UK","345-789-1234","P2301","","30641"
"1024","Active","Employee","EMP1024","Natka","Morgun","Natka Morgun","THEY/THEM","1451","2012-10-12","True","Sales","Media","CC3035","Contoso","Europe","Director","404 Legacy Dr","Chicago","FR","193-940-1905","C1084","GUD01","86984"
"1533","Active","Employee","EMP1533","Dagmar","Philoo","Dagmar Philoo","HE/HIM","1036","2011-07-20","False","Human Resources","Garments","CC4830","Contoso","Europe","Engineering Manager","698 Menlo Rd","Paris","US","150-150-1586","Y1083","","51771"
"1505","Inactive","Employee","EMP1505","Latisha","Suanne","Latisha Suanne","SHE/HER","1956","2018-11-16","False","Product Marketing","Electronics","CC9016","Fabrikam","Europe","Program Manager","698 Menlo Rd","London","DE","259-915-1098","P2301","BTK39","81865"
"1421","Inactive","Employee","EMP1421","Rochette","Verger","Rochette Verger","HE/HIM","1159","2013-05-23","False","Sales","Pharma","CC9016","Fabrikam","Asia Pacific","Program Manager","202 Great America Parkway","San Francisco","DE","937-903-9108","P2301","GUD01","64770"
"1521","Active","Employee","EMP1521","Gabriellia","Chrystel","Gabriellia Chrystel","SHE/HER","1936","2022-01-31","False","Human Resources","Electronics","CC3035","Contoso","Europe","Customer Service Representative","404 Legacy Dr","Chicago","US","937-903-9108","T1001","BTK39","81830"
"1547","Inactive","Employee","EMP1547","Rani","Roumell","Rani Roumell","THEY/THEM","1241","2011-09-01","False","Product Engineering","Pharma","CC5081","Woodgrove","Asia Pacific","Director","404 Legacy Dr","Chicago","US","259-915-1098","C1084","BTK39","78542"
"1248","Inactive","Employee","EMP1248","Kamilah","Quent","Kamilah Quent","THEY/THEM","1536","2018-03-09","False","Product Marketing","Garments","CC1005","Woodgrove","Middle East","Customer Service Representative","","San Francisco","FR","259-915-1098","T1001","BTK39","81321"
"1860","Inactive","Employee","EMP1860","Ermengarde","Noelyn","Ermengarde Noelyn","SHE/HER","1416","2010-04-07","False","Product Marketing","Pharma","CC4830","Fabrikam","Middle East","Director","698 Menlo Rd","London","US","193-940-1905","T1001","GIQ23","82960"
"1639","Inactive","Employee","EMP1639","Valera","Korey","Valera Korey","THEY/THEM","1503","2017-03-25","False","Manufacturing","Food","CC2001","Woodgrove","Europe","Director","202 Great America Parkway","London","DE","345-789-1234","P2301","","55304"
"1334","Active","Employee","EMP1334","Vinita","Salchunas","Vinita Salchunas","THEY/THEM","1614","2020-08-25","True","Manufacturing","Media","CC2001","Fabrikam","Asia Pacific","Program Manager","698 Menlo Rd","Paris","US","937-903-9108","T1001","ALK34","58666"
"1347","Inactive","Employee","EMP1347","Lexine","Tarrant","Lexine Tarrant","SHE/HER","1561","2013-12-22","False","Human Resources","Food","CC1005","Fabrikam","Middle East","Software Developer","404 Legacy Dr","Munich","US","193-940-1905","Y1083","BTK39","28569"
"1389","Inactive","Employee","EMP1389","Kittie","Valerio","Kittie Valerio","HE/HIM","1251","2013-05-30","False","Manufacturing","Media","CC1005","Woodgrove","Asia Pacific","Program Manager","","San Francisco","US","150-150-1586","Y1083","GIQ23","50557"
"1147","Active","Employee","EMP1147","Letizia","Croix","Letizia Croix","THEY/THEM","1244","2017-11-04","False","Product Engineering","Electronics","CC9016","Woodgrove","Middle East","Director","303 Mansion Ct","Chicago","FR","345-789-1234","T1001","","32007"
"1594","Inactive","Employee","EMP1594","Jackie","Gino","Jackie Gino","THEY/THEM","1322","2010-07-10","False","Product Engineering","Garments","CC5081","Woodgrove","Europe","Vice President","698 Menlo Rd","Mumbai","US","259-915-1098","P2301","GIQ23","13278"
"1815","Active","Employee","EMP1815","Starla","Demitria","Starla Demitria","HE/HIM","1680","2014-01-13","False","Product Marketing","Garments","CC5081","Woodgrove","North America","Project Manager","404 Legacy Dr","San Francisco","DE","150-150-1586","T1001","ALK34","21807"
"1015","Inactive","Employee","EMP1015","Fanny","Vanni","Fanny Vanni","HE/HIM","1195","2020-09-19","True","Manufacturing","Garments","CC2001","Woodgrove","Europe","Sales Executive","698 Menlo Rd","Frankfurt","UK","451-190-0893","P2301","GUD01","26904"
"1967","Active","Employee","EMP1967","Adelle","Jehu","Adelle Jehu","SHE/HER","1978","2021-06-20","True","Sales","Media","CC3035","Contoso","Europe","Program Manager","404 Legacy Dr","Mumbai","FR","150-150-1586","T1001","GIQ23","43334"
"1263","Inactive","Employee","EMP1263","Rani","Curren","Rani Curren","THEY/THEM","1315","2019-10-23","True","Sales","Garments","CC4830","Woodgrove","North America","Accountant","698 Menlo Rd","Frankfurt","FR","259-915-1098","Y1083","","52627"
"1348","Active","Employee","EMP1348","Cissiee","Prober","Cissiee Prober","HE/HIM","1979","2010-09-22","True","Manufacturing","Food","CC7018","Woodgrove","Middle East","Engineering Manager","101 Woodgrove Way","Frankfurt","DE","150-150-1586","P2301","","68322"
"1788","Inactive","Employee","EMP1788","Karolina","Viddah","Karolina Viddah","HE/HIM","1469","2013-07-23","True","Sales","Garments","CC2001","Fabrikam","Middle East","Software Developer","303 Mansion Ct","San Francisco","UK","789-093-2560","T1001","","85136"
"1040","Active","Employee","EMP1040","Queenie","Fink","Queenie Fink","HE/HIM","1189","2020-12-19","False","Manufacturing","Pharma","CC2001","Contoso","Europe","Director","101 Woodgrove Way","London","DE","259-915-1098","P2301","BTK39","49756"
"1476","Active","Employee","EMP1476","Phylis","Martsen","Phylis Martsen","SHE/HER","1758","2018-09-28","True","Product Marketing","Pharma","CC2001","Contoso","Middle East","Software Developer","","London","UK","345-789-1234","C1084","ALK34","48010"
"1006","Active","Employee","EMP1006","Philis","Leffen","Philis Leffen","THEY/THEM","1453","2020-12-25","False","Product Marketing","Pharma","CC2001","Fabrikam","Asia Pacific","Business Analyst","698 Menlo Rd","Paris","UK","937-903-9108","C1084","GIQ23","62414"
"1316","Active","Employee","EMP1316","Lucy","Roscoe","Lucy Roscoe","HE/HIM","1022","2021-04-17","False","Manufacturing","Electronics","CC7018","Fabrikam","Europe","Project Manager","","Mumbai","FR","789-093-2560","T1001","GIQ23","24932"
"1749","Inactive","Employee","EMP1749","Carmencita","Emmy","Carmencita Emmy","THEY/THEM","1930","2018-09-30","False","Product Marketing","Media","CC4830","Contoso","Asia Pacific","Accountant","698 Menlo Rd","San Francisco","FR","451-190-0893","T1001","BTK39","47718"
"1477","Inactive","Employee","EMP1477","Anallese","Paine","Anallese Paine","THEY/THEM","1657","2014-02-08","True","Sales","Pharma","CC1005","Contoso","Europe","Program Manager","404 Legacy Dr","London","FR","259-915-1098","C1084","ALK34","38872"
"1137","Active","Employee","EMP1137","Belva","Presber","Belva Presber","HE/HIM","1490","2015-05-01","True","Product Engineering","Pharma","CC9016","Fabrikam","Europe","Accountant","404 Legacy Dr","London","DE","789-093-2560","Y1083","ALK34","12782"
"1893","Inactive","Employee","EMP1893","Noelle","Firmin","Noelle Firmin","THEY/THEM","1441","2021-07-12","True","Manufacturing","Pharma","CC4830","Fabrikam","North America","Director","404 Legacy Dr","London","FR","451-190-0893","T1001","BTK39","63542"
"1436","Active","Employee","EMP1436","Blinni","Bach","Blinni Bach","HE/HIM","1901","2014-08-28","True","Product Engineering","Pharma","CC9016","Contoso","Middle East","Business Analyst","303 Mansion Ct","San Francisco","FR","789-093-2560","P2301","GUD01","16142"
"1735","Inactive","Employee","EMP1735","Amara","Smitt","Amara Smitt","HE/HIM","1479","2013-04-01","False","Human Resources","Pharma","CC1005","Fabrikam","Middle East","Engineering Manager","404 Legacy Dr","Mumbai","UK","193-940-1905","T1001","GUD01","31730"
"1521","Active","Employee","EMP1521","Dawn","Arvo","Dawn Arvo","SHE/HER","1729","2012-08-25","False","Product Marketing","Garments","CC4830","Contoso","Europe","Vice President","101 Woodgrove Way","Chicago","US","193-940-1905","T1001","","33700"
"1197","Active","Employee","EMP1197","Misha","Jess","Misha Jess","SHE/HER","1383","2017-01-31","False","Manufacturing","Garments","CC9016","Fabrikam","Europe","Engineering Manager","101 Woodgrove Way","San Francisco","IN","150-150-1586","C1084","BTK39","42269"
"1663","Active","Employee","EMP1663","Basia","Terrence","Basia Terrence","SHE/HER","1349","2020-01-21","True","Manufacturing","Electronics","CC3035","Fabrikam","Asia Pacific","Vice President","202 Great America Parkway","Paris","UK","150-150-1586","Y1083","ALK34","28093"
"1396","Inactive","Employee","EMP1396","Heida","Janene","Heida Janene","HE/HIM","1468","2018-02-05","True","Human Resources","Garments","CC1005","Woodgrove","Europe","Engineering Manager","","San Francisco","FR","150-150-1586","Y1083","BTK39","45186"
"1488","Inactive","Employee","EMP1488","Yvonne","Prober","Yvonne Prober","THEY/THEM","1380","2020-01-24","False","Human Resources","Pharma","CC2001","Woodgrove","Europe","Vice President","","Chicago","UK","789-093-2560","P2301","ALK34","45666"
"1889","Inactive","Employee","EMP1889","Nessie","Dunkin","Nessie Dunkin","HE/HIM","1086","2015-09-20","True","Product Marketing","Media","CC4830","Contoso","Europe","Customer Service Representative","","London","FR","937-903-9108","P2301","ALK34","40451"
"1702","Inactive","Employee","EMP1702","Averyl","Maurine","Averyl Maurine","HE/HIM","1600","2015-06-23","True","Product Marketing","Media","CC9016","Contoso","Europe","Business Analyst","","London","FR","937-903-9108","T1001","GUD01","31098"
"1218","Inactive","Employee","EMP1218","Valera","Buttaro","Valera Buttaro","SHE/HER","1448","2015-02-19","True","Finance","Garments","CC4830","Fabrikam","Asia Pacific","Project Manager","202 Great America Parkway","Chicago","FR","193-940-1905","T1001","","57577"
"1098","Inactive","Employee","EMP1098","Brietta","Verger","Brietta Verger","HE/HIM","1301","2018-04-15","True","Product Marketing","Food","CC2001","Fabrikam","North America","Software Developer","","San Francisco","UK","345-789-1234","T1001","GIQ23","32824"
"1224","Active","Employee","EMP1224","Sharai","Fry","Sharai Fry","THEY/THEM","1118","2012-08-07","False","Finance","Food","CC4830","Woodgrove","Europe","Sales Executive","698 Menlo Rd","Chicago","UK","789-093-2560","C1084","GUD01","36041"
"1309","Active","Employee","EMP1309","Ardeen","Chapland","Ardeen Chapland","SHE/HER","1774","2021-02-28","False","Manufacturing","Pharma","CC5081","Contoso","North America","Software Developer","101 Woodgrove Way","London","IN","259-915-1098","Y1083","ALK34","80753"
"1832","Active","Employee","EMP1832","Monika","Dash","Monika Dash","THEY/THEM","1542","2017-01-23","False","Sales","Electronics","CC9016","Woodgrove","Europe","Director","698 Menlo Rd","Paris","US","345-789-1234","C1084","","69899"
"1471","Inactive","Employee","EMP1471","Marsiella","Gualtiero","Marsiella Gualtiero","SHE/HER","1833","2016-01-16","True","Manufacturing","Electronics","CC2001","Woodgrove","Asia Pacific","Software Developer","","Munich","UK","193-940-1905","Y1083","BTK39","64372"
"1952","Active","Employee","EMP1952","Alyssa","Hathaway","Alyssa Hathaway","SHE/HER","1968","2014-09-02","False","Product Engineering","Media","CC9016","Woodgrove","Asia Pacific","Customer Service Representative","303 Mansion Ct","San Francisco","US","259-915-1098","P2301","BTK39","54023"
"1256","Active","Employee","EMP1256","Pearline","Lane","Pearline Lane","HE/HIM","1506","2022-08-08","True","Product Marketing","Food","CC7018","Contoso","Asia Pacific","Software Developer","202 Great America Parkway","Munich","FR","937-903-9108","C1084","BTK39","72012"
"1345","Inactive","Employee","EMP1345","Millie","Suk","Millie Suk","THEY/THEM","1746","2019-12-20","True","Manufacturing","Food","CC4830","Contoso","Asia Pacific","Sales Executive","698 Menlo Rd","Paris","DE","150-150-1586","C1084","ALK34","26915"
"1634","Active","Employee","EMP1634","Vevay","Cullin","Vevay Cullin","THEY/THEM","1872","2022-09-02","False","Human Resources","Food","CC4830","Fabrikam","Middle East","Customer Service Representative","202 Great America Parkway","Mumbai","UK","937-903-9108","P2301","","70951"
"1754","Active","Employee","EMP1754","Petronia","Parette","Petronia Parette","SHE/HER","1947","2018-09-12","True","Finance","Food","CC2001","Woodgrove","Europe","Software Developer","101 Woodgrove Way","Mumbai","DE","789-093-2560","P2301","GIQ23","84675"
"1431","Active","Employee","EMP1431","Karolina","Vittoria","Karolina Vittoria","HE/HIM","1241","2011-09-19","False","Manufacturing","Electronics","CC5081","Woodgrove","Asia Pacific","Director","","San Francisco","IN","150-150-1586","P2301","GUD01","43183"
"1375","Active","Employee","EMP1375","Sharlene","Lumbard","Sharlene Lumbard","SHE/HER","1078","2010-03-24","False","Manufacturing","Garments","CC9016","Fabrikam","Middle East","Director","303 Mansion Ct","Paris","DE","193-940-1905","C1084","GIQ23","48215"
"1150","Active","Employee","EMP1150","Tiffie","Greyson","Tiffie Greyson","SHE/HER","1320","2014-03-15","True","Sales","Garments","CC7018","Contoso","North America","Sales Executive","404 Legacy Dr","Frankfurt","DE","451-190-0893","T1001","","13458"
"1760","Active","Employee","EMP1760","Mariele","Heisel","Mariele Heisel","SHE/HER","1841","2016-04-28","False","Human Resources","Food","CC7018","Fabrikam","Europe","Business Analyst","303 Mansion Ct","Paris","US","150-150-1586","T1001","ALK34","30842"
"1074","Inactive","Employee","EMP1074","Gabi","Rudolph","Gabi Rudolph","SHE/HER","1699","2015-02-03","False","Finance","Garments","CC4830","Woodgrove","North America","Program Manager","698 Menlo Rd","San Francisco","UK","345-789-1234","Y1083","GUD01","31662"
"1896","Active","Employee","EMP1896","Adriana","Ardeha","Adriana Ardeha","SHE/HER","1493","2016-07-28","False","Manufacturing","Media","CC2001","Fabrikam","Europe","Engineering Manager","404 Legacy Dr","Paris","IN","345-789-1234","P2301","GIQ23","64791"
"1488","Active","Employee","EMP1488","Asia","Tippets","Asia Tippets","SHE/HER","1963","2022-01-06","True","Sales","Electronics","CC4830","Contoso","North America","Software Developer","698 Menlo Rd","Mumbai","FR","345-789-1234","P2301","GIQ23","41930"
"1555","Active","Employee","EMP1555","Andree","Vorster","Andree Vorster","THEY/THEM","1475","2022-05-30","False","Sales","Garments","CC7018","Contoso","Europe","Director","101 Woodgrove Way","Frankfurt","UK","345-789-1234","Y1083","ALK34","25184"
"1477","Inactive","Employee","EMP1477","Annice","Halsey","Annice Halsey","SHE/HER","1634","2022-02-16","True","Sales","Electronics","CC5081","Woodgrove","Middle East","Accountant","202 Great America Parkway","San Francisco","DE","937-903-9108","C1084","GUD01","29340"
"1017","Active","Employee","EMP1017","Britte","Colp","Britte Colp","HE/HIM","1549","2013-08-11","False","Sales","Pharma","CC9016","Woodgrove","Middle East","Program Manager","","San Francisco","DE","259-915-1098","P2301","GIQ23","83711"
"1688","Inactive","Employee","EMP1688","Sophia","Astra","Sophia Astra","THEY/THEM","1746","2021-01-12","True","Product Marketing","Pharma","CC9016","Fabrikam","North America","Director","101 Woodgrove Way","London","US","937-903-9108","P2301","ALK34","71367"
"1384","Inactive","Employee","EMP1384","Liana","Pond","Liana Pond","HE/HIM","1660","2012-05-19","True","Manufacturing","Media","CC5081","Fabrikam","Middle East","Engineering Manager","101 Woodgrove Way","Munich","FR","937-903-9108","Y1083","ALK34","14709"
"1647","Active","Employee","EMP1647","Gerrie","Terencio","Gerrie Terencio","THEY/THEM","1135","2016-12-10","False","Sales","Garments","CC4830","Fabrikam","Middle East","Software Developer","698 Menlo Rd","Munich","DE","150-150-1586","Y1083","GIQ23","67613"
"1960","Inactive","Employee","EMP1960","Pierette","Cookie","Pierette Cookie","HE/HIM","1946","2014-03-13","True","Human Resources","Electronics","CC9016","Contoso","Asia Pacific","Accountant","404 Legacy Dr","San Francisco","IN","789-093-2560","P2301","GUD01","31549"
"1109","Active","Employee","EMP1109","Corina","Leffen","Corina Leffen","SHE/HER","1564","2012-05-27","True","Manufacturing","Pharma","CC2001","Woodgrove","Middle East","Vice President","698 Menlo Rd","Mumbai","DE","789-093-2560","Y1083","","85051"
"1284","Active","Employee","EMP1284","Ira","Lia","Ira Lia","SHE/HER","1899","2020-02-23","False","Product Marketing","Pharma","CC9016","Woodgrove","Europe","Customer Service Representative","","San Francisco","FR","259-915-1098","Y1083","BTK39","40144"
"1943","Inactive","Employee","EMP1943","Riannon","Papageno","Riannon Papageno","HE/HIM","1085","2021-03-10","False","Manufacturing","Electronics","CC7018","Woodgrove","Europe","Director","698 Menlo Rd","Paris","US","937-903-9108","P2301","ALK34","56495"
"1981","Active","Employee","EMP1981","Theodora","Donell","Theodora Donell","HE/HIM","1221","2011-02-10","True","Product Marketing","Food","CC2001","Fabrikam","Asia Pacific","Project Manager","303 Mansion Ct","San Francisco","DE","150-150-1586","T1001","ALK34","54263"
"1939","Inactive","Employee","EMP1939","Nessie","Prouty","Nessie Prouty","HE/HIM","1924","2011-02-27","True","Sales","Electronics","CC9016","Contoso","Middle East","Customer Service Representative","404 Legacy Dr","Munich","US","937-903-9108","C1084","GIQ23","15186"
"1412","Inactive","Employee","EMP1412","Kary","Greyson","Kary Greyson","SHE/HER","1710","2010-06-29","True","Sales","Food","CC5081","Fabrikam","North America","Program Manager","404 Legacy Dr","Chicago","FR","193-940-1905","C1084","GUD01","85306"
"1202","Inactive","Employee","EMP1202","June","Gualtiero","June Gualtiero","HE/HIM","1639","2014-09-21","False","Human Resources","Media","CC3035","Woodgrove","Europe","Sales Executive","202 Great America Parkway","London","IN","259-915-1098","Y1083","BTK39","29614"
"1046","Inactive","Employee","EMP1046","Valeda","Neils","Valeda Neils","SHE/HER","1191","2011-12-20","True","Manufacturing","Garments","CC9016","Contoso","North America","Engineering Manager","","Chicago","FR","345-789-1234","C1084","ALK34","76010"
"1117","Active","Employee","EMP1117","Tina","Maroney","Tina Maroney","HE/HIM","1114","2010-02-08","False","Product Marketing","Food","CC7018","Fabrikam","Europe","Accountant","698 Menlo Rd","San Francisco","IN","259-915-1098","Y1083","ALK34","40575"
"1080","Inactive","Employee","EMP1080","Marguerite","Fadiman","Marguerite Fadiman","HE/HIM","1434","2015-06-04","True","Sales","Media","CC4830","Woodgrove","North America","Software Developer","404 Legacy Dr","Munich","DE","345-789-1234","T1001","GIQ23","53962"
"1628","Active","Employee","EMP1628","Caryl","Lauraine","Caryl Lauraine","SHE/HER","1254","2017-05-18","False","Finance","Food","CC5081","Contoso","Middle East","Engineering Manager","","Frankfurt","UK","345-789-1234","T1001","ALK34","86993"
"1923","Inactive","Employee","EMP1923","Ivett","Baylor","Ivett Baylor","HE/HIM","1511","2020-03-13","True","Product Engineering","Pharma","CC5081","Woodgrove","Middle East","Program Manager","202 Great America Parkway","Paris","US","259-915-1098","Y1083","ALK34","11550"
"1666","Active","Employee","EMP1666","Carolina","Edvard","Carolina Edvard","HE/HIM","1699","2017-06-19","True","Manufacturing","Food","CC4830","Contoso","Europe","Program Manager","404 Legacy Dr","London","FR","937-903-9108","T1001","GUD01","79595"
"1472","Active","Employee","EMP1472","Dulcinea","Agle","Dulcinea Agle","SHE/HER","1009","2019-06-21","True","Finance","Electronics","CC2001","Fabrikam","Middle East","Customer Service Representative","698 Menlo Rd","Paris","IN","259-915-1098","Y1083","GIQ23","16641"
"1141","Active","Employee","EMP1141","Lindie","Wyn","Lindie Wyn","SHE/HER","1841","2010-03-07","True","Sales","Garments","CC3035","Fabrikam","Europe","Accountant","101 Woodgrove Way","London","UK","789-093-2560","Y1083","GIQ23","60818"
"1871","Active","Employee","EMP1871","Modestia","Verger","Modestia Verger","THEY/THEM","1356","2016-03-17","False","Product Engineering","Pharma","CC2001","Fabrikam","Middle East","Program Manager","","Paris","DE","193-940-1905","T1001","GIQ23","54191"
"1990","Inactive","Employee","EMP1990","Sharlene","Sandye","Sharlene Sandye","SHE/HER","1546","2012-04-01","False","Human Resources","Garments","CC5081","Woodgrove","Middle East","Business Analyst","101 Woodgrove Way","San Francisco","IN","345-789-1234","Y1083","GIQ23","34790"
"1427","Active","Employee","EMP1427","Trixi","Zamora","Trixi Zamora","SHE/HER","1231","2020-11-15","True","Manufacturing","Electronics","CC9016","Fabrikam","Middle East","Accountant","303 Mansion Ct","Chicago","FR","345-789-1234","C1084","BTK39","73825"
"1945","Active","Employee","EMP1945","Gwyneth","Casimir","Gwyneth Casimir","THEY/THEM","1712","2019-01-29","False","Manufacturing","Food","CC9016","Fabrikam","North America","Director","404 Legacy Dr","San Francisco","US","259-915-1098","C1084","ALK34","12856"
"1458","Active","Employee","EMP1458","Danny","August","Danny August","HE/HIM","1078","2022-08-16","True","Human Resources","Electronics","CC1005","Fabrikam","Middle East","Program Manager","","Chicago","IN","259-915-1098","Y1083","GUD01","23327"
"1399","Active","Employee","EMP1399","Allis","Douglass","Allis Douglass","HE/HIM","1348","2022-03-13","False","Manufacturing","Garments","CC3035","Contoso","North America","Business Analyst","698 Menlo Rd","Mumbai","UK","193-940-1905","C1084","","60787"
"1344","Inactive","Employee","EMP1344","Neila","Wooster","Neila Wooster","HE/HIM","1858","2015-02-04","False","Finance","Garments","CC2001","Fabrikam","Middle East","Accountant","","Frankfurt","FR","259-915-1098","Y1083","","17152"
"1317","Active","Employee","EMP1317","Bee","Wyn","Bee Wyn","SHE/HER","1150","2021-04-24","False","Finance","Garments","CC7018","Contoso","North America","Program Manager","202 Great America Parkway","London","IN","193-940-1905","P2301","","76266"
"1275","Inactive","Employee","EMP1275","Bertine","Nore","Bertine Nore","THEY/THEM","1770","2010-08-04","False","Product Marketing","Electronics","CC5081","Contoso","Middle East","Engineering Manager","","Frankfurt","UK","150-150-1586","C1084","ALK34","20384"
"1176","Active","Employee","EMP1176","Aryn","Odell","Aryn Odell","SHE/HER","1776","2022-01-02","False","Manufacturing","Media","CC3035","Woodgrove","Middle East","Business Analyst","101 Woodgrove Way","Mumbai","UK","345-789-1234","P2301","ALK34","44466"
"1603","Inactive","Employee","EMP1603","Johna","Kronfeld","Johna Kronfeld","HE/HIM","1895","2020-12-09","False","Product Marketing","Garments","CC5081","Contoso","Middle East","Project Manager","","San Francisco","US","937-903-9108","C1084","ALK34","57038"
"1211","Inactive","Employee","EMP1211","Annaliese","Bevin","Annaliese Bevin","THEY/THEM","1459","2022-01-07","False","Product Engineering","Food","CC5081","Contoso","Asia Pacific","Business Analyst","404 Legacy Dr","Chicago","IN","259-915-1098","Y1083","BTK39","31047"
"1679","Inactive","Employee","EMP1679","Brena","Bonilla","Brena Bonilla","THEY/THEM","1481","2011-08-04","False","Finance","Media","CC9016","Contoso","Middle East","Customer Service Representative","698 Menlo Rd","Munich","IN","789-093-2560","C1084","GIQ23","88995"
"1431","Active","Employee","EMP1431","Alejandra","Lewes","Alejandra Lewes","SHE/HER","1622","2012-12-01","True","Finance","Garments","CC9016","Contoso","Europe","Accountant","404 Legacy Dr","London","FR","345-789-1234","P2301","","20527"
"1795","Inactive","Employee","EMP1795","Tybie","Geffner","Tybie Geffner","THEY/THEM","1893","2014-08-01","False","Manufacturing","Food","CC3035","Woodgrove","Asia Pacific","Director","101 Woodgrove Way","Paris","DE","259-915-1098","P2301","","30505"
"1644","Active","Employee","EMP1644","June","Edee","June Edee","HE/HIM","1784","2014-05-01","True","Product Marketing","Pharma","CC9016","Contoso","North America","Vice President","303 Mansion Ct","Paris","US","193-940-1905","T1001","ALK34","20780"
"1129","Inactive","Employee","EMP1129","Elie","Kazimir","Elie Kazimir","HE/HIM","1064","2010-02-28","True","Product Engineering","Food","CC9016","Contoso","Asia Pacific","Director","303 Mansion Ct","Munich","IN","345-789-1234","C1084","","82812"
"1973","Active","Employee","EMP1973","Ninnetta","Alice","Ninnetta Alice","SHE/HER","1638","2019-11-21","False","Finance","Food","CC9016","Contoso","North America","Business Analyst","","San Francisco","US","937-903-9108","T1001","BTK39","48703"
"1790","Inactive","Employee","EMP1790","Thalia","Leifeste","Thalia Leifeste","SHE/HER","1372","2017-03-05","True","Manufacturing","Garments","CC4830","Fabrikam","North America","Sales Executive","404 Legacy Dr","San Francisco","DE","451-190-0893","T1001","","88423"
"1969","Active","Employee","EMP1969","Rori","Monk","Rori Monk","SHE/HER","1392","2010-10-18","False","Human Resources","Electronics","CC5081","Fabrikam","Asia Pacific","Business Analyst","303 Mansion Ct","San Francisco","IN","345-789-1234","Y1083","","62250"
"1954","Inactive","Employee","EMP1954","Dianemarie","Stephie","Dianemarie Stephie","SHE/HER","1279","2021-11-07","False","Product Engineering","Media","CC4830","Fabrikam","Middle East","Software Developer","698 Menlo Rd","Frankfurt","IN","193-940-1905","P2301","ALK34","16280"
"1871","Inactive","Employee","EMP1871","Wendi","Plato","Wendi Plato","SHE/HER","1749","2015-04-15","False","Human Resources","Garments","CC1005","Contoso","Asia Pacific","Project Manager","","San Francisco","DE","789-093-2560","Y1083","GUD01","14241"
"1894","Active","Employee","EMP1894","Babita","Brittani","Babita Brittani","THEY/THEM","1146","2011-07-25","False","Product Engineering","Pharma","CC5081","Fabrikam","North America","Director","303 Mansion Ct","Paris","UK","789-093-2560","Y1083","BTK39","23092"
"1618","Inactive","Employee","EMP1618","Codie","Sophronia","Codie Sophronia","SHE/HER","1108","2015-06-01","True","Product Marketing","Garments","CC5081","Fabrikam","North America","Customer Service Representative","","Paris","US","193-940-1905","T1001","BTK39","70845"
"1397","Inactive","Employee","EMP1397","Estell","Adlare","Estell Adlare","SHE/HER","1938","2021-07-03","True","Product Marketing","Electronics","CC2001","Fabrikam","North America","Software Developer","202 Great America Parkway","San Francisco","DE","193-940-1905","P2301","","82124"
"1152","Active","Employee","EMP1152","Laure","Giff","Laure Giff","SHE/HER","1030","2018-09-08","False","Product Marketing","Food","CC9016","Woodgrove","North America","Sales Executive","101 Woodgrove Way","Chicago","US","150-150-1586","T1001","GIQ23","77527"
"1389","Inactive","Employee","EMP1389","Tobe","Yerkovich","Tobe Yerkovich","THEY/THEM","1685","2011-12-22","True","Manufacturing","Food","CC9016","Fabrikam","Europe","Sales Executive","","Frankfurt","DE","259-915-1098","C1084","","18058"
"1035","Inactive","Employee","EMP1035","Raina","Urias","Raina Urias","THEY/THEM","1711","2020-12-31","False","Human Resources","Food","CC2001","Fabrikam","North America","Program Manager","202 Great America Parkway","London","DE","451-190-0893","P2301","ALK34","72243"
"1069","Inactive","Employee","EMP1069","Korrie","Buttaro","Korrie Buttaro","HE/HIM","1873","2018-11-19","True","Finance","Media","CC5081","Fabrikam","Middle East","Sales Executive","404 Legacy Dr","Chicago","IN","150-150-1586","Y1083","BTK39","89841"
"1010","Inactive","Employee","EMP1010","Luci","Yerkovich","Luci Yerkovich","SHE/HER","1068","2017-02-19","False","Finance","Garments","CC2001","Fabrikam","North America","Program Manager","","San Francisco","IN","193-940-1905","T1001","BTK39","59317"
"1686","Active","Employee","EMP1686","Rosene","Capello","Rosene Capello","SHE/HER","1160","2021-10-24","True","Product Marketing","Electronics","CC9016","Contoso","Asia Pacific","Accountant","404 Legacy Dr","Munich","DE","345-789-1234","C1084","GUD01","59265"
"1025","Active","Employee","EMP1025","Dyann","Revkah","Dyann Revkah","THEY/THEM","1584","2020-08-07","False","Product Marketing","Pharma","CC5081","Woodgrove","North America","Sales Executive","303 Mansion Ct","London","US","150-150-1586","Y1083","","18357"
"1536","Inactive","Employee","EMP1536","Fawne","Estella","Fawne Estella","THEY/THEM","1064","2010-12-24","True","Product Engineering","Pharma","CC7018","Contoso","Europe","Engineering Manager","202 Great America Parkway","Mumbai","UK","789-093-2560","C1084","","34121"
"1213","Active","Employee","EMP1213","Tani","Rooney","Tani Rooney","HE/HIM","1379","2019-08-24","True","Sales","Pharma","CC2001","Fabrikam","North America","Sales Executive","","Munich","IN","150-150-1586","C1084","","53702"
"1744","Active","Employee","EMP1744","Althea","Rad","Althea Rad","THEY/THEM","1320","2020-10-13","False","Manufacturing","Media","CC4830","Fabrikam","Middle East","Sales Executive","","San Francisco","UK","150-150-1586","Y1083","BTK39","12665"
"1777","Active","Employee","EMP1777","Lelah","Howlyn","Lelah Howlyn","THEY/THEM","1238","2020-10-07","False","Finance","Electronics","CC2001","Contoso","Europe","Business Analyst","","San Francisco","IN","259-915-1098","C1084","","71915"
"1516","Active","Employee","EMP1516","Claresta","Ricki","Claresta Ricki","SHE/HER","1563","2012-03-24","True","Product Marketing","Food","CC5081","Woodgrove","Europe","Customer Service Representative","101 Woodgrove Way","Munich","FR","259-915-1098","T1001","GIQ23","38138"
"1645","Inactive","Employee","EMP1645","Shaine","An","Shaine An","HE/HIM","1679","2020-02-07","True","Manufacturing","Media","CC7018","Woodgrove","North America","Director","404 Legacy Dr","Frankfurt","UK","451-190-0893","T1001","GIQ23","34184"
"1809","Inactive","Employee","EMP1809","Marnia","Bertold","Marnia Bertold","THEY/THEM","1546","2012-11-09","False","Manufacturing","Media","CC5081","Woodgrove","Asia Pacific","Software Developer","","San Francisco","US","789-093-2560","C1084","GIQ23","12068"
"1582","Inactive","Employee","EMP1582","Elise","Blisse","Elise Blisse","THEY/THEM","1664","2022-01-18","False","Finance","Pharma","CC9016","Fabrikam","North America","Business Analyst","","Munich","UK","193-940-1905","Y1083","GUD01","51751"
"1579","Active","Employee","EMP1579","Jeanna","Garlinda","Jeanna Garlinda","HE/HIM","1861","2019-01-24","True","Finance","Food","CC4830","Fabrikam","Middle East","Accountant","404 Legacy Dr","London","US","789-093-2560","P2301","GIQ23","26171"
"1954","Inactive","Employee","EMP1954","Camile","Tryck","Camile Tryck","THEY/THEM","1323","2015-06-15","False","Sales","Pharma","CC7018","Contoso","Middle East","Accountant","202 Great America Parkway","San Francisco","US","345-789-1234","Y1083","BTK39","27022"
"1317","Inactive","Employee","EMP1317","Blondelle","Truc","Blondelle Truc","THEY/THEM","1380","2011-11-30","False","Product Marketing","Electronics","CC1005","Contoso","Asia Pacific","Program Manager","404 Legacy Dr","London","US","259-915-1098","C1084","GUD01","75538"
"1827","Inactive","Employee","EMP1827","Ardeen","Raychel","Ardeen Raychel","SHE/HER","1385","2017-04-01","True","Product Engineering","Pharma","CC9016","Fabrikam","North America","Software Developer","303 Mansion Ct","Mumbai","DE","259-915-1098","C1084","","87804"
"1455","Active","Employee","EMP1455","Elbertina","Ethban","Elbertina Ethban","HE/HIM","1238","2018-11-17","False","Human Resources","Media","CC4830","Woodgrove","North America","Customer Service Representative","404 Legacy Dr","San Francisco","US","259-915-1098","Y1083","BTK39","46429"
"1102","Inactive","Employee","EMP1102","Daphne","Magnolia","Daphne Magnolia","SHE/HER","1099","2022-03-31","False","Human Resources","Pharma","CC9016","Fabrikam","North America","Program Manager","303 Mansion Ct","Frankfurt","US","789-093-2560","Y1083","BTK39","82481"
"1840","Inactive","Employee","EMP1840","Sissy","Smitt","Sissy Smitt","THEY/THEM","1306","2022-01-03","True","Finance","Electronics","CC2001","Contoso","Middle East","Vice President","101 Woodgrove Way","Chicago","DE","345-789-1234","Y1083","GIQ23","87733"
"1552","Active","Employee","EMP1552","Bobbi","Eno","Bobbi Eno","SHE/HER","1042","2017-10-29","True","Product Marketing","Food","CC4830","Contoso","Middle East","Director","404 Legacy Dr","Paris","DE","150-150-1586","P2301","BTK39","50950"
"1574","Inactive","Employee","EMP1574","Helena","Decato","Helena Decato","THEY/THEM","1202","2013-07-31","True","Product Engineering","Electronics","CC7018","Woodgrove","Europe","Engineering Manager","303 Mansion Ct","Paris","DE","193-940-1905","C1084","GUD01","39389"
"1308","Inactive","Employee","EMP1308","Margarette","Cleavland","Margarette Cleavland","HE/HIM","1424","2017-05-26","False","Finance","Garments","CC1005","Woodgrove","Europe","Engineering Manager","404 Legacy Dr","San Francisco","UK","193-940-1905","T1001","ALK34","17433"
"1455","Inactive","Employee","EMP1455","Dominga","Raffo","Dominga Raffo","SHE/HER","1247","2012-05-17","False","Human Resources","Pharma","CC9016","Fabrikam","North America","Project Manager","101 Woodgrove Way","London","US","345-789-1234","P2301","","17380"
"1943","Inactive","Employee","EMP1943","Aili","Laurianne","Aili Laurianne","THEY/THEM","1225","2010-04-01","False","Product Marketing","Garments","CC2001","Woodgrove","Asia Pacific","Program Manager","101 Woodgrove Way","Frankfurt","FR","937-903-9108","P2301","BTK39","57913"
"1479","Active","Employee","EMP1479","Rayna","Allare","Rayna Allare","HE/HIM","1025","2012-04-22","False","Product Engineering","Garments","CC3035","Fabrikam","Asia Pacific","Vice President","101 Woodgrove Way","Frankfurt","IN","451-190-0893","Y1083","ALK34","45944"
"1245","Inactive","Employee","EMP1245","Luci","Ajay","Luci Ajay","SHE/HER","1243","2016-03-31","True","Human Resources","Garments","CC7018","Contoso","Middle East","Engineering Manager","698 Menlo Rd","San Francisco","FR","345-789-1234","P2301","","13663"
"1470","Active","Employee","EMP1470","Melodie","Gaal","Melodie Gaal","THEY/THEM","1889","2014-07-19","False","Product Marketing","Food","CC2001","Fabrikam","North America","Project Manager","404 Legacy Dr","Paris","UK","345-789-1234","T1001","","47755"
"1529","Inactive","Employee","EMP1529","Joleen","Avi","Joleen Avi","SHE/HER","1740","2022-03-26","False","Manufacturing","Food","CC2001","Contoso","Europe","Engineering Manager","698 Menlo Rd","London","UK","451-190-0893","P2301","ALK34","30078"
"1169","Active","Employee","EMP1169","Cherrita","Maxi","Cherrita Maxi","SHE/HER","1011","2019-09-02","False","Human Resources","Garments","CC2001","Fabrikam","North America","Project Manager","101 Woodgrove Way","San Francisco","US","259-915-1098","Y1083","BTK39","19190"
"1222","Active","Employee","EMP1222","Aurelie","Glovsky","Aurelie Glovsky","SHE/HER","1175","2011-09-07","True","Product Engineering","Pharma","CC5081","Contoso","Europe","Director","","London","DE","451-190-0893","P2301","GIQ23","36427"
"1386","Active","Employee","EMP1386","Caressa","Belanger","Caressa Belanger","SHE/HER","1691","2016-05-05","True","Finance","Garments","CC3035","Fabrikam","Asia Pacific","Program Manager","303 Mansion Ct","Mumbai","IN","937-903-9108","P2301","ALK34","63858"
"1727","Active","Employee","EMP1727","Tersina","Kress","Tersina Kress","HE/HIM","1472","2021-12-23","False","Product Marketing","Electronics","CC2001","Woodgrove","Asia Pacific","Director","202 Great America Parkway","San Francisco","IN","937-903-9108","P2301","GUD01","80741"
"1053","Inactive","Employee","EMP1053","Tobe","Wolfgram","Tobe Wolfgram","HE/HIM","1906","2011-02-23","True","Human Resources","Garments","CC5081","Fabrikam","Asia Pacific","Project Manager","303 Mansion Ct","San Francisco","DE","345-789-1234","P2301","BTK39","53067"
"1076","Inactive","Employee","EMP1076","Catharine","Tybald","Catharine Tybald","SHE/HER","1092","2014-01-31","False","Finance","Electronics","CC1005","Woodgrove","Middle East","Accountant","404 Legacy Dr","San Francisco","DE","345-789-1234","Y1083","ALK34","28304"
"1191","Active","Employee","EMP1191","Celene","Trace","Celene Trace","HE/HIM","1315","2015-07-10","True","Finance","Electronics","CC3035","Fabrikam","Europe","Director","303 Mansion Ct","Mumbai","IN","150-150-1586","C1084","GIQ23","18413"
"1024","Inactive","Employee","EMP1024","Pollyanna","Jary","Pollyanna Jary","SHE/HER","1500","2012-06-24","False","Manufacturing","Electronics","CC2001","Contoso","Asia Pacific","Engineering Manager","698 Menlo Rd","London","DE","937-903-9108","P2301","GIQ23","39120"
"1397","Active","Employee","EMP1397","Cyb","Hirsch","Cyb Hirsch","THEY/THEM","1872","2020-01-20","True","Manufacturing","Garments","CC4830","Contoso","Asia Pacific","Project Manager","","Chicago","FR","451-190-0893","C1084","","25995"
"1317","Active","Employee","EMP1317","Anica","Adamsen","Anica Adamsen","THEY/THEM","1170","2014-11-14","False","Human Resources","Pharma","CC4830","Woodgrove","Europe","Accountant","404 Legacy Dr","Paris","DE","937-903-9108","Y1083","","45893"
"1408","Inactive","Employee","EMP1408","Christal","Alva","Christal Alva","THEY/THEM","1023","2018-10-23","True","Finance","Media","CC4830","Woodgrove","Asia Pacific","Software Developer","404 Legacy Dr","San Francisco","DE","259-915-1098","P2301","GUD01","52858"
"1410","Active","Employee","EMP1410","Gratia","Love","Gratia Love","HE/HIM","1275","2013-08-06","True","Product Engineering","Garments","CC2001","Contoso","Asia Pacific","Software Developer","404 Legacy Dr","San Francisco","DE","150-150-1586","T1001","GIQ23","58832"
"1920","Inactive","Employee","EMP1920","Corly","Garlinda","Corly Garlinda","HE/HIM","1619","2020-08-25","True","Human Resources","Food","CC9016","Contoso","North America","Project Manager","202 Great America Parkway","Paris","IN","193-940-1905","T1001","GIQ23","63663"
"1374","Inactive","Employee","EMP1374","Aimil","Fink","Aimil Fink","HE/HIM","1661","2017-07-16","False","Product Engineering","Electronics","CC7018","Contoso","Europe","Customer Service Representative","101 Woodgrove Way","San Francisco","FR","937-903-9108","P2301","","86818"
"1316","Inactive","Employee","EMP1316","Iseabal","Seumas","Iseabal Seumas","HE/HIM","1630","2014-01-14","True","Finance","Media","CC9016","Fabrikam","Middle East","Program Manager","404 Legacy Dr","San Francisco","UK","150-150-1586","T1001","","45738"
"1357","Inactive","Employee","EMP1357","Kelly","Atcliffe","Kelly Atcliffe","THEY/THEM","1102","2019-09-27","True","Manufacturing","Food","CC2001","Contoso","North America","Director","404 Legacy Dr","Frankfurt","IN","345-789-1234","P2301","ALK34","44222"
"1040","Inactive","Employee","EMP1040","Gerianna","Bollay","Gerianna Bollay","SHE/HER","1582","2016-05-01","True","Product Engineering","Media","CC9016","Fabrikam","Europe","Project Manager","698 Menlo Rd","San Francisco","US","937-903-9108","C1084","","20417"
"1600","Inactive","Employee","EMP1600","Elora","Justinn","Elora Justinn","SHE/HER","1485","2016-04-21","False","Product Engineering","Food","CC7018","Woodgrove","Middle East","Accountant","698 Menlo Rd","Paris","US","937-903-9108","T1001","GUD01","11436"
"1064","Active","Employee","EMP1064","Maurene","Winnick","Maurene Winnick","HE/HIM","1072","2012-12-14","False","Sales","Food","CC5081","Fabrikam","Europe","Project Manager","101 Woodgrove Way","Paris","FR","259-915-1098","P2301","GIQ23","71712"
"1801","Inactive","Employee","EMP1801","Gusella","Chrystel","Gusella Chrystel","THEY/THEM","1517","2022-09-04","False","Manufacturing","Food","CC3035","Fabrikam","Asia Pacific","Accountant","404 Legacy Dr","Munich","US","345-789-1234","Y1083","GUD01","31779"
"1288","Inactive","Employee","EMP1288","Zsa Zsa","Fadiman","Zsa Zsa Fadiman","THEY/THEM","1152","2017-11-10","True","Finance","Garments","CC2001","Fabrikam","Asia Pacific","Project Manager","101 Woodgrove Way","London","US","789-093-2560","T1001","","61221"
"1989","Inactive","Employee","EMP1989","Shauna","Gusella","Shauna Gusella","SHE/HER","1411","2011-04-16","False","Product Engineering","Food","CC1005","Fabrikam","Middle East","Director","404 Legacy Dr","Frankfurt","US","150-150-1586","T1001","GUD01","34910"
"1012","Active","Employee","EMP1012","Gilligan","Dom","Gilligan Dom","HE/HIM","1721","2017-10-06","True","Manufacturing","Garments","CC3035","Contoso","Europe","Engineering Manager","202 Great America Parkway","Paris","DE","451-190-0893","Y1083","GUD01","39906"
"1410","Inactive","Employee","EMP1410","Alyda","Seumas","Alyda Seumas","THEY/THEM","1881","2021-10-28","False","Finance","Pharma","CC7018","Fabrikam","North America","Project Manager","","Chicago","DE","150-150-1586","P2301","GIQ23","32785"
"1711","Active","Employee","EMP1711","Aurelie","Montgomery","Aurelie Montgomery","THEY/THEM","1940","2010-08-07","False","Human Resources","Food","CC7018","Contoso","North America","Program Manager","404 Legacy Dr","Munich","US","150-150-1586","C1084","GUD01","62463"
"1030","Active","Employee","EMP1030","Margarette","Maribeth","Margarette Maribeth","HE/HIM","1016","2021-06-25","False","Product Engineering","Electronics","CC7018","Fabrikam","Asia Pacific","Software Developer","101 Woodgrove Way","San Francisco","DE","193-940-1905","Y1083","BTK39","12774"
"1936","Inactive","Employee","EMP1936","Jan","Tryck","Jan Tryck","THEY/THEM","1536","2018-05-31","False","Manufacturing","Media","CC2001","Contoso","North America","Vice President","","Mumbai","US","345-789-1234","T1001","","85014"
"1289","Active","Employee","EMP1289","Ronna","Stelle","Ronna Stelle","HE/HIM","1786","2020-09-08","True","Product Engineering","Pharma","CC1005","Contoso","Middle East","Software Developer","303 Mansion Ct","Munich","FR","937-903-9108","Y1083","GUD01","86399"
"1921","Inactive","Employee","EMP1921","Beth","Rudolph","Beth Rudolph","SHE/HER","1553","2015-01-14","False","Product Engineering","Food","CC7018","Contoso","Middle East","Sales Executive","404 Legacy Dr","Chicago","US","789-093-2560","C1084","","33341"
"1823","Active","Employee","EMP1823","Maud","Kussell","Maud Kussell","THEY/THEM","1141","2012-08-27","False","Finance","Garments","CC4830","Woodgrove","North America","Engineering Manager","101 Woodgrove Way","Frankfurt","US","451-190-0893","C1084","GIQ23","72718"
"1660","Inactive","Employee","EMP1660","Randa","Kosey","Randa Kosey","THEY/THEM","1082","2019-06-02","False","Finance","Food","CC5081","Contoso","North America","Accountant","698 Menlo Rd","Munich","DE","937-903-9108","C1084","BTK39","27512"
"1289","Inactive","Employee","EMP1289","Camile","Rolf","Camile Rolf","HE/HIM","1615","2013-09-07","False","Sales","Electronics","CC2001","Contoso","North America","Vice President","","Chicago","FR","789-093-2560","C1084","","15170"
"1078","Inactive","Employee","EMP1078","Barbara","Cordi","Barbara Cordi","SHE/HER","1733","2020-09-15","True","Product Engineering","Food","CC3035","Woodgrove","Asia Pacific","Engineering Manager","101 Woodgrove Way","Munich","DE","937-903-9108","P2301","","28941"
"1325","Active","Employee","EMP1325","Nannie","Franza","Nannie Franza","HE/HIM","1223","2010-01-14","False","Finance","Garments","CC9016","Fabrikam","Middle East","Vice President","","London","UK","150-150-1586","T1001","BTK39","18379"
"1194","Inactive","Employee","EMP1194","Devina","Lane","Devina Lane","THEY/THEM","1612","2010-09-06","False","Product Marketing","Media","CC7018","Woodgrove","Europe","Business Analyst","202 Great America Parkway","Mumbai","DE","150-150-1586","Y1083","ALK34","87084"
"1174","Active","Employee","EMP1174","Bobbi","Mich","Bobbi Mich","HE/HIM","1860","2020-09-24","True","Manufacturing","Garments","CC5081","Contoso","Europe","Software Developer","404 Legacy Dr","London","US","193-940-1905","P2301","","84730"
"1813","Inactive","Employee","EMP1813","Kenna","Regan","Kenna Regan","HE/HIM","1757","2015-06-24","False","Manufacturing","Media","CC4830","Contoso","Middle East","Engineering Manager","404 Legacy Dr","San Francisco","DE","150-150-1586","P2301","GUD01","53971"
"1046","Inactive","Employee","EMP1046","Aimil","Geffner","Aimil Geffner","SHE/HER","1728","2013-11-01","False","Product Marketing","Garments","CC7018","Woodgrove","Europe","Program Manager","101 Woodgrove Way","Paris","IN","451-190-0893","C1084","","63353"
"1917","Active","Employee","EMP1917","Danika","Carleen","Danika Carleen","THEY/THEM","1079","2021-12-16","False","Product Marketing","Pharma","CC2001","Contoso","Europe","Vice President","202 Great America Parkway","San Francisco","FR","345-789-1234","C1084","GIQ23","83234"
"1254","Inactive","Employee","EMP1254","Latisha","Torray","Latisha Torray","SHE/HER","1605","2018-03-27","False","Product Marketing","Media","CC3035","Contoso","Europe","Vice President","698 Menlo Rd","Munich","DE","150-150-1586","C1084","GIQ23","39709"
"1918","Active","Employee","EMP1918","Grier","Caitlin","Grier Caitlin","SHE/HER","1079","2018-06-03","True","Finance","Garments","CC9016","Woodgrove","Asia Pacific","Project Manager","101 Woodgrove Way","Chicago","DE","259-915-1098","T1001","BTK39","32732"
"1512","Inactive","Employee","EMP1512","Gabriellia","Cookie","Gabriellia Cookie","HE/HIM","1645","2016-07-01","False","Product Marketing","Garments","CC7018","Fabrikam","Middle East","Sales Executive","101 Woodgrove Way","Mumbai","DE","345-789-1234","T1001","BTK39","67787"
"1146","Inactive","Employee","EMP1146","Gisela","Calhoun","Gisela Calhoun","HE/HIM","1476","2011-05-10","True","Sales","Food","CC5081","Woodgrove","Europe","Sales Executive","101 Woodgrove Way","London","UK","937-903-9108","C1084","GIQ23","57777"
"1651","Inactive","Employee","EMP1651","Edyth","Kevon","Edyth Kevon","SHE/HER","1361","2022-03-01","False","Product Engineering","Media","CC3035","Contoso","Europe","Vice President","202 Great America Parkway","Munich","UK","345-789-1234","C1084","GIQ23","60246"
"1479","Active","Employee","EMP1479","Dulce","Marisa","Dulce Marisa","THEY/THEM","1268","2017-04-23","False","Product Marketing","Pharma","CC1005","Fabrikam","Asia Pacific","Sales Executive","202 Great America Parkway","San Francisco","DE","937-903-9108","T1001","GUD01","21586"
"1397","Active","Employee","EMP1397","Edith","Evvie","Edith Evvie","HE/HIM","1958","2021-06-12","False","Sales","Garments","CC5081","Contoso","North America","Engineering Manager","404 Legacy Dr","San Francisco","UK","259-915-1098","T1001","GUD01","71206"
"1625","Inactive","Employee","EMP1625","Wendi","Alexandr","Wendi Alexandr","THEY/THEM","1457","2013-11-22","False","Finance","Media","CC4830","Contoso","Europe","Accountant","404 Legacy Dr","Paris","IN","150-150-1586","Y1083","BTK39","39175"
"1547","Active","Employee","EMP1547","Miquela","Old","Miquela Old","THEY/THEM","1095","2016-06-29","False","Product Marketing","Food","CC4830","Contoso","Middle East","Sales Executive","303 Mansion Ct","Chicago","IN","451-190-0893","T1001","","85657"
"1588","Inactive","Employee","EMP1588","Jan","Vittoria","Jan Vittoria","SHE/HER","1342","2012-09-22","False","Sales","Food","CC5081","Fabrikam","Asia Pacific","Accountant","303 Mansion Ct","Paris","US","150-150-1586","P2301","BTK39","15228"
"1499","Active","Employee","EMP1499","Binny","Bigner","Binny Bigner","HE/HIM","1368","2012-12-23","True","Product Marketing","Media","CC5081","Woodgrove","North America","Business Analyst","","London","IN","259-915-1098","T1001","BTK39","76988"
"1888","Inactive","Employee","EMP1888","Linzy","Maples","Linzy Maples","SHE/HER","1477","2017-01-24","False","Product Marketing","Pharma","CC4830","Contoso","Europe","Customer Service Representative","101 Woodgrove Way","Frankfurt","UK","937-903-9108","T1001","","63669"
"1066","Active","Employee","EMP1066","Marline","Plato","Marline Plato","HE/HIM","1338","2019-09-11","False","Sales","Media","CC5081","Woodgrove","Europe","Software Developer","404 Legacy Dr","Frankfurt","DE","259-915-1098","T1001","ALK34","63185"
"1120","Inactive","Employee","EMP1120","Ada","McCutcheon","Ada McCutcheon","HE/HIM","1360","2013-07-21","True","Manufacturing","Pharma","CC4830","Contoso","Asia Pacific","Customer Service Representative","","Frankfurt","FR","259-915-1098","Y1083","GIQ23","18485"
"1835","Active","Employee","EMP1835","Drucie","Obed","Drucie Obed","HE/HIM","1593","2012-08-17","True","Product Engineering","Media","CC3035","Fabrikam","Asia Pacific","Software Developer","698 Menlo Rd","Chicago","FR","193-940-1905","T1001","ALK34","76201"
"1740","Inactive","Employee","EMP1740","Barbara","Dorothy","Barbara Dorothy","SHE/HER","1881","2021-08-23","False","Manufacturing","Electronics","CC9016","Woodgrove","Europe","Engineering Manager","698 Menlo Rd","Frankfurt","IN","937-903-9108","Y1083","GUD01","83380"
"1466","Inactive","Employee","EMP1466","Barbi","Caitlin","Barbi Caitlin","THEY/THEM","1926","2022-06-28","True","Product Engineering","Food","CC5081","Contoso","Asia Pacific","Vice President","404 Legacy Dr","Mumbai","US","789-093-2560","Y1083","GIQ23","70062"
"1043","Inactive","Employee","EMP1043","Wanda","Elsinore","Wanda Elsinore","THEY/THEM","1898","2015-07-30","True","Product Marketing","Media","CC4830","Contoso","Asia Pacific","Program Manager","","Frankfurt","IN","259-915-1098","T1001","BTK39","44200"
"1407","Inactive","Employee","EMP1407","Annice","Linskey","Annice Linskey","SHE/HER","1049","2015-07-18","True","Human Resources","Food","CC2001","Contoso","North America","Customer Service Representative","698 Menlo Rd","Mumbai","DE","789-093-2560","P2301","BTK39","66077"
"1457","Active","Employee","EMP1457","Millie","Trace","Millie Trace","THEY/THEM","1519","2015-01-01","True","Finance","Garments","CC9016","Fabrikam","Middle East","Program Manager","404 Legacy Dr","Munich","US","789-093-2560","Y1083","ALK34","26294"
"1774","Active","Employee","EMP1774","Lilith","Chinua","Lilith Chinua","HE/HIM","1213","2018-12-03","True","Finance","Media","CC5081","Fabrikam","Middle East","Customer Service Representative","202 Great America Parkway","Munich","US","937-903-9108","C1084","GUD01","85636"
"1240","Active","Employee","EMP1240","Jorry","Kaja","Jorry Kaja","THEY/THEM","1982","2011-02-27","False","Product Engineering","Pharma","CC2001","Fabrikam","Europe","Sales Executive","698 Menlo Rd","San Francisco","US","937-903-9108","P2301","GUD01","40691"
"1008","Inactive","Employee","EMP1008","Katharina","Nicoline","Katharina Nicoline","THEY/THEM","1711","2010-08-30","True","Human Resources","Food","CC1005","Fabrikam","Europe","Customer Service Representative","698 Menlo Rd","Chicago","IN","937-903-9108","T1001","BTK39","53957"
"1000","Active","Employee","EMP1000","Viviene","Emerson","Viviene Emerson","THEY/THEM","1053","2013-09-30","True","Sales","Electronics","CC1005","Contoso","Middle East","Program Manager","698 Menlo Rd","Paris","IN","937-903-9108","Y1083","BTK39","60477"
"1720","Inactive","Employee","EMP1720","Oralee","Narton","Oralee Narton","SHE/HER","1867","2016-05-24","True","Human Resources","Media","CC3035","Woodgrove","Europe","Business Analyst","","San Francisco","FR","345-789-1234","C1084","GUD01","64671"
"1005","Inactive","Employee","EMP1005","Jackie","Graig","Jackie Graig","THEY/THEM","1263","2015-06-12","True","Finance","Garments","CC3035","Woodgrove","North America","Accountant","303 Mansion Ct","Munich","US","193-940-1905","P2301","BTK39","10887"
"1965","Inactive","Employee","EMP1965","Joy","Ortrude","Joy Ortrude","SHE/HER","1502","2010-11-14","False","Sales","Media","CC9016","Woodgrove","Asia Pacific","Software Developer","202 Great America Parkway","San Francisco","IN","451-190-0893","Y1083","GUD01","44903"
"1794","Inactive","Employee","EMP1794","Jaclyn","Edvard","Jaclyn Edvard","SHE/HER","1354","2019-06-12","False","Product Marketing","Food","CC9016","Contoso","Asia Pacific","Program Manager","404 Legacy Dr","San Francisco","DE","451-190-0893","T1001","ALK34","55310"
"1841","Active","Employee","EMP1841","Lacie","Darian","Lacie Darian","HE/HIM","1613","2016-09-15","False","Human Resources","Garments","CC5081","Fabrikam","North America","Software Developer","202 Great America Parkway","London","IN","259-915-1098","Y1083","GUD01","75989"
"1339","Active","Employee","EMP1339","Tabbatha","Millda","Tabbatha Millda","THEY/THEM","1818","2015-10-19","False","Product Engineering","Media","CC7018","Fabrikam","Europe","Customer Service Representative","698 Menlo Rd","Frankfurt","DE","345-789-1234","C1084","GIQ23","89988"
"1641","Active","Employee","EMP1641","Peri","Mallon","Peri Mallon","THEY/THEM","1711","2016-02-20","False","Sales","Pharma","CC5081","Contoso","Asia Pacific","Customer Service Representative","303 Mansion Ct","Mumbai","UK","150-150-1586","P2301","BTK39","84875"
"1093","Active","Employee","EMP1093","Dominga","Lemuela","Dominga Lemuela","THEY/THEM","1659","2020-10-29","True","Product Marketing","Garments","CC3035","Contoso","North America","Program Manager","303 Mansion Ct","London","UK","150-150-1586","Y1083","ALK34","54331"
"1478","Active","Employee","EMP1478","Trudie","Evvie","Trudie Evvie","THEY/THEM","1830","2018-09-20","True","Finance","Pharma","CC4830","Contoso","Asia Pacific","Program Manager","202 Great America Parkway","Frankfurt","US","345-789-1234","P2301","","19083"
"1976","Inactive","Employee","EMP1976","Angelique","Eliathas","Angelique Eliathas","HE/HIM","1339","2019-11-24","False","Product Engineering","Food","CC2001","Woodgrove","Middle East","Program Manager","404 Legacy Dr","Munich","DE","150-150-1586","T1001","GUD01","51754"
"1850","Active","Employee","EMP1850","Gerrie","Kylander","Gerrie Kylander","SHE/HER","1938","2016-05-25","False","Human Resources","Electronics","CC2001","Contoso","Europe","Engineering Manager","202 Great America Parkway","San Francisco","IN","193-940-1905","T1001","GIQ23","32155"
"1226","Active","Employee","EMP1226","Paulita","Muriel","Paulita Muriel","SHE/HER","1587","2010-07-27","False","Finance","Garments","CC9016","Fabrikam","Europe","Vice President","","San Francisco","FR","789-093-2560","P2301","ALK34","74720"
"1019","Inactive","Employee","EMP1019","Alexine","Terencio","Alexine Terencio","HE/HIM","1716","2018-04-19","False","Product Engineering","Garments","CC4830","Fabrikam","Middle East","Business Analyst","404 Legacy Dr","Frankfurt","UK","193-940-1905","P2301","GUD01","29588"
"1810","Inactive","Employee","EMP1810","Sara-Ann","Elbertina","Sara-Ann Elbertina","SHE/HER","1914","2019-06-13","True","Finance","Media","CC3035","Fabrikam","Middle East","Sales Executive","303 Mansion Ct","Frankfurt","FR","451-190-0893","Y1083","GIQ23","89748"
"1486","Inactive","Employee","EMP1486","Halette","McAdams","Halette McAdams","THEY/THEM","1554","2018-08-03","True","Product Marketing","Food","CC5081","Woodgrove","North America","Accountant","","Frankfurt","DE","150-150-1586","C1084","ALK34","32868"
"1093","Inactive","Employee","EMP1093","Corly","Edmund","Corly Edmund","HE/HIM","1014","2014-03-23","True","Product Marketing","Food","CC1005","Woodgrove","Middle East","Customer Service Representative","202 Great America Parkway","Chicago","FR","193-940-1905","T1001","ALK34","14974"
"1314","Active","Employee","EMP1314","Ilse","Brandice","Ilse Brandice","SHE/HER","1906","2017-12-29","True","Manufacturing","Pharma","CC1005","Woodgrove","North America","Vice President","202 Great America Parkway","Munich","DE","193-940-1905","C1084","ALK34","40811"
"1485","Inactive","Employee","EMP1485","Farrah","Iphlgenia","Farrah Iphlgenia","HE/HIM","1544","2019-11-13","False","Human Resources","Garments","CC2001","Contoso","North America","Project Manager","202 Great America Parkway","Mumbai","IN","259-915-1098","T1001","ALK34","70189"
"1865","Inactive","Employee","EMP1865","Lila","Maurine","Lila Maurine","THEY/THEM","1932","2012-12-26","False","Manufacturing","Garments","CC1005","Contoso","North America","Program Manager","","London","IN","259-915-1098","T1001","ALK34","63363"
"1735","Active","Employee","EMP1735","Kerrin","Faso","Kerrin Faso","SHE/HER","1364","2017-04-04","False","Product Marketing","Electronics","CC2001","Fabrikam","Asia Pacific","Project Manager","698 Menlo Rd","San Francisco","UK","789-093-2560","Y1083","ALK34","43724"
"1883","Inactive","Employee","EMP1883","Shel","Torray","Shel Torray","THEY/THEM","1827","2012-04-30","True","Finance","Electronics","CC5081","Woodgrove","North America","Vice President","404 Legacy Dr","Munich","UK","345-789-1234","T1001","ALK34","47906"
"1863","Inactive","Employee","EMP1863","Steffane","Mich","Steffane Mich","HE/HIM","1961","2013-11-20","False","Product Marketing","Pharma","CC7018","Contoso","Asia Pacific","Director","202 Great America Parkway","Mumbai","IN","150-150-1586","C1084","GUD01","87134"
"1805","Active","Employee","EMP1805","Nelle","Kristi","Nelle Kristi","THEY/THEM","1231","2019-07-08","False","Product Engineering","Electronics","CC2001","Fabrikam","Europe","Sales Executive","404 Legacy Dr","San Francisco","IN","789-093-2560","C1084","GUD01","54185"
"1420","Inactive","Employee","EMP1420","Annecorinne","Tiffa","Annecorinne Tiffa","THEY/THEM","1530","2019-08-29","True","Human Resources","Food","CC5081","Woodgrove","Asia Pacific","Vice President","","London","IN","150-150-1586","C1084","GIQ23","80072"
"1660","Active","Employee","EMP1660","Stephanie","Raimondo","Stephanie Raimondo","SHE/HER","1427","2016-10-14","True","Product Engineering","Pharma","CC2001","Woodgrove","Europe","Business Analyst","101 Woodgrove Way","Paris","IN","789-093-2560","C1084","GUD01","51247"
"1332","Inactive","Employee","EMP1332","Kellen","Leler","Kellen Leler","HE/HIM","1900","2018-02-19","True","Manufacturing","Garments","CC3035","Fabrikam","Middle East","Project Manager","303 Mansion Ct","San Francisco","UK","937-903-9108","T1001","BTK39","86427"
"1324","Inactive","Employee","EMP1324","Bibby","Hutchison","Bibby Hutchison","HE/HIM","1214","2010-12-27","False","Human Resources","Pharma","CC5081","Fabrikam","Europe","Software Developer","202 Great America Parkway","Munich","FR","150-150-1586","C1084","","55689"
"1037","Active","Employee","EMP1037","Lolita","Huggins","Lolita Huggins","SHE/HER","1417","2020-10-13","False","Manufacturing","Electronics","CC2001","Fabrikam","North America","Vice President","202 Great America Parkway","San Francisco","FR","259-915-1098","T1001","BTK39","25116"
"1228","Inactive","Employee","EMP1228","Christian","Heidt","Christian Heidt","HE/HIM","1781","2013-08-09","True","Finance","Media","CC7018","Contoso","Middle East","Director","101 Woodgrove Way","Frankfurt","US","937-903-9108","T1001","GIQ23","74080"
"1856","Inactive","Employee","EMP1856","Orsola","Abbot","Orsola Abbot","THEY/THEM","1108","2013-06-28","True","Sales","Food","CC3035","Woodgrove","Asia Pacific","Software Developer","698 Menlo Rd","San Francisco","DE","789-093-2560","P2301","ALK34","23928"
"1966","Inactive","Employee","EMP1966","Jean","Garrison","Jean Garrison","THEY/THEM","1489","2018-01-23","False","Product Engineering","Media","CC3035","Contoso","Europe","Engineering Manager","698 Menlo Rd","Munich","US","937-903-9108","C1084","GIQ23","81954"
"1255","Active","Employee","EMP1255","Misha","Lauraine","Misha Lauraine","HE/HIM","1193","2017-06-06","False","Manufacturing","Pharma","CC7018","Contoso","North America","Software Developer","","Frankfurt","US","345-789-1234","C1084","ALK34","36383"
"1432","Active","Employee","EMP1432","Nanete","Colp","Nanete Colp","SHE/HER","1924","2018-03-20","True","Manufacturing","Media","CC1005","Fabrikam","North America","Vice President","101 Woodgrove Way","Frankfurt","FR","193-940-1905","T1001","","15367"
"1955","Active","Employee","EMP1955","Maurene","Vilma","Maurene Vilma","HE/HIM","1194","2022-04-25","True","Human Resources","Pharma","CC9016","Contoso","Asia Pacific","Director","","London","UK","193-940-1905","C1084","","11478"
"1686","Active","Employee","EMP1686","Felice","Hartnett","Felice Hartnett","HE/HIM","1835","2017-07-18","False","Sales","Garments","CC3035","Fabrikam","Middle East","Director","404 Legacy Dr","San Francisco","IN","259-915-1098","T1001","BTK39","80414"
"1623","Inactive","Employee","EMP1623","Tera","Kaja","Tera Kaja","SHE/HER","1145","2011-08-31","True","Sales","Media","CC4830","Fabrikam","North America","Customer Service Representative","101 Woodgrove Way","San Francisco","IN","193-940-1905","T1001","GUD01","39679"
"1186","Inactive","Employee","EMP1186","Zaria","Imelida","Zaria Imelida","HE/HIM","1214","2013-07-28","True","Human Resources","Food","CC7018","Woodgrove","North America","Project Manager","","San Francisco","IN","259-915-1098","T1001","BTK39","50011"
"1332","Active","Employee","EMP1332","Hyacinthe","Talia","Hyacinthe Talia","THEY/THEM","1870","2018-07-14","True","Product Engineering","Media","CC1005","Fabrikam","Europe","Software Developer","","Paris","FR","451-190-0893","P2301","ALK34","80555"
"1499","Active","Employee","EMP1499","Sharai","Sherfield","Sharai Sherfield","HE/HIM","1909","2021-07-09","False","Manufacturing","Garments","CC5081","Contoso","Middle East","Business Analyst","404 Legacy Dr","London","FR","789-093-2560","Y1083","GIQ23","33584"
"1908","Active","Employee","EMP1908","Dione","Kirstin","Dione Kirstin","THEY/THEM","1533","2019-03-31","True","Product Engineering","Electronics","CC1005","Fabrikam","Asia Pacific","Vice President","303 Mansion Ct","Mumbai","FR","345-789-1234","P2301","GIQ23","34069"
"1695","Inactive","Employee","EMP1695","Lucille","Edmund","Lucille Edmund","THEY/THEM","1841","2012-12-01","False","Human Resources","Media","CC5081","Woodgrove","Asia Pacific","Accountant","303 Mansion Ct","Paris","IN","259-915-1098","T1001","GIQ23","43569"
"1979","Inactive","Employee","EMP1979","Sharai","Christine","Sharai Christine","THEY/THEM","1390","2020-02-20","False","Manufacturing","Food","CC1005","Fabrikam","Europe","Project Manager","404 Legacy Dr","Chicago","IN","193-940-1905","C1084","","32470"
"1295","Active","Employee","EMP1295","Shauna","Dimitris","Shauna Dimitris","SHE/HER","1334","2011-01-28","False","Product Marketing","Electronics","CC9016","Fabrikam","Middle East","Engineering Manager","","San Francisco","IN","259-915-1098","Y1083","","16588"
"1581","Inactive","Employee","EMP1581","Lynea","Sikorski","Lynea Sikorski","HE/HIM","1352","2011-07-17","False","Product Marketing","Garments","CC3035","Woodgrove","Europe","Accountant","202 Great America Parkway","Frankfurt","US","345-789-1234","T1001","BTK39","41666"
"1513","Active","Employee","EMP1513","Chandra","Avi","Chandra Avi","THEY/THEM","1333","2020-11-21","True","Sales","Garments","CC3035","Fabrikam","Asia Pacific","Vice President","404 Legacy Dr","Frankfurt","UK","193-940-1905","T1001","GIQ23","73665"
"1392","Inactive","Employee","EMP1392","Lilith","Latini","Lilith Latini","SHE/HER","1472","2010-01-29","False","Sales","Media","CC9016","Woodgrove","Middle East","Software Developer","404 Legacy Dr","Mumbai","UK","345-789-1234","C1084","BTK39","75734"
"1324","Active","Employee","EMP1324","Darlleen","Berard","Darlleen Berard","THEY/THEM","1586","2019-07-21","True","Sales","Pharma","CC5081","Contoso","Europe","Accountant","698 Menlo Rd","London","IN","193-940-1905","T1001","ALK34","37966"
"1112","Active","Employee","EMP1112","Merle","Tatianas","Merle Tatianas","SHE/HER","1938","2018-06-01","True","Manufacturing","Food","CC4830","Woodgrove","Europe","Customer Service Representative","","Mumbai","US","259-915-1098","T1001","GIQ23","12771"
"1242","Active","Employee","EMP1242","Max","Vharat","Max Vharat","THEY/THEM","1751","2021-10-06","False","Product Marketing","Food","CC3035","Fabrikam","Europe","Accountant","404 Legacy Dr","Frankfurt","US","150-150-1586","P2301","GUD01","28955"
"1218","Active","Employee","EMP1218","Marsiella","Isacco","Marsiella Isacco","HE/HIM","1544","2017-07-27","True","Manufacturing","Pharma","CC2001","Woodgrove","Europe","Vice President","404 Legacy Dr","London","US","451-190-0893","C1084","ALK34","62405"
"1277","Active","Employee","EMP1277","Hyacinthe","Serilda","Hyacinthe Serilda","THEY/THEM","1682","2018-11-25","False","Sales","Electronics","CC2001","Contoso","Asia Pacific","Program Manager","202 Great America Parkway","Frankfurt","DE","150-150-1586","P2301","GUD01","85336"
"1228","Active","Employee","EMP1228","Agathe","Cleavland","Agathe Cleavland","THEY/THEM","1599","2014-11-10","True","Product Marketing","Media","CC4830","Fabrikam","Middle East","Vice President","698 Menlo Rd","San Francisco","DE","451-190-0893","Y1083","GUD01","64134"
"1304","Inactive","Employee","EMP1304","Corly","Wesle","Corly Wesle","THEY/THEM","1184","2011-12-01","False","Finance","Pharma","CC4830","Contoso","Europe","Vice President","202 Great America Parkway","San Francisco","US","193-940-1905","T1001","GIQ23","43860"
"1532","Inactive","Employee","EMP1532","Amelia","Sigfrid","Amelia Sigfrid","THEY/THEM","1354","2016-04-26","False","Finance","Pharma","CC2001","Woodgrove","Europe","Program Manager","303 Mansion Ct","San Francisco","DE","937-903-9108","T1001","","60073"
"1742","Active","Employee","EMP1742","Anallese","Lilas","Anallese Lilas","THEY/THEM","1933","2018-04-26","True","Human Resources","Food","CC4830","Contoso","Asia Pacific","Sales Executive","404 Legacy Dr","San Francisco","DE","150-150-1586","Y1083","ALK34","56453"
"1598","Active","Employee","EMP1598","Eolanda","Rogerio","Eolanda Rogerio","HE/HIM","1130","2013-08-23","True","Sales","Pharma","CC5081","Woodgrove","Asia Pacific","Engineering Manager","202 Great America Parkway","Chicago","FR","937-903-9108","T1001","","11614"
"1990","Inactive","Employee","EMP1990","Ethel","Vanni","Ethel Vanni","SHE/HER","1383","2013-08-13","True","Human Resources","Pharma","CC9016","Fabrikam","Asia Pacific","Accountant","698 Menlo Rd","Frankfurt","FR","193-940-1905","Y1083","ALK34","71999"
"1586","Inactive","Employee","EMP1586","Ida","Alabaster","Ida Alabaster","THEY/THEM","1443","2017-07-26","False","Finance","Pharma","CC3035","Fabrikam","North America","Vice President","698 Menlo Rd","Frankfurt","DE","150-150-1586","C1084","ALK34","29355"
"1963","Active","Employee","EMP1963","Carlie","Alarise","Carlie Alarise","SHE/HER","1258","2020-08-05","True","Finance","Pharma","CC1005","Woodgrove","North America","Software Developer","101 Woodgrove Way","Frankfurt","FR","345-789-1234","C1084","","49111"
"1137","Inactive","Employee","EMP1137","Wynne","Minetta","Wynne Minetta","SHE/HER","1997","2016-05-20","False","Manufacturing","Media","CC7018","Fabrikam","North America","Sales Executive","101 Woodgrove Way","Paris","UK","259-915-1098","P2301","GUD01","34180"
"1482","Inactive","Employee","EMP1482","Rani","Melony","Rani Melony","SHE/HER","1255","2018-04-24","True","Finance","Pharma","CC2001","Woodgrove","Asia Pacific","Project Manager","","Frankfurt","IN","193-940-1905","P2301","GUD01","49117"
"1743","Active","Employee","EMP1743","Jenda","Harday","Jenda Harday","SHE/HER","1309","2013-08-03","True","Sales","Media","CC7018","Fabrikam","Asia Pacific","Sales Executive","303 Mansion Ct","Mumbai","US","937-903-9108","P2301","GIQ23","86493"
"1952","Active","Employee","EMP1952","Wilma","Parsaye","Wilma Parsaye","THEY/THEM","1571","2022-01-21","True","Product Marketing","Garments","CC4830","Woodgrove","Europe","Program Manager","","San Francisco","IN","937-903-9108","Y1083","GUD01","45993"
"1950","Active","Employee","EMP1950","Devina","Callista","Devina Callista","SHE/HER","1071","2015-05-17","False","Manufacturing","Electronics","CC5081","Contoso","Europe","Program Manager","404 Legacy Dr","Mumbai","US","150-150-1586","Y1083","","16462"
"1130","Inactive","Employee","EMP1130","Nollie","Atonsah","Nollie Atonsah","THEY/THEM","1629","2021-01-24","True","Human Resources","Pharma","CC3035","Woodgrove","Asia Pacific","Project Manager","404 Legacy Dr","San Francisco","FR","451-190-0893","C1084","ALK34","43494"
"1430","Active","Employee","EMP1430","Jessy","Minetta","Jessy Minetta","HE/HIM","1609","2017-09-09","False","Product Marketing","Food","CC1005","Fabrikam","Europe","Program Manager","698 Menlo Rd","Munich","DE","451-190-0893","P2301","GUD01","81448"
"1081","Active","Employee","EMP1081","Gwenneth","Faria","Gwenneth Faria","SHE/HER","1845","2012-03-19","False","Manufacturing","Food","CC4830","Fabrikam","North America","Vice President","202 Great America Parkway","Paris","UK","150-150-1586","Y1083","GIQ23","71399"
"1729","Active","Employee","EMP1729","Christy","Jorgan","Christy Jorgan","HE/HIM","1373","2013-06-30","False","Human Resources","Garments","CC2001","Woodgrove","Europe","Accountant","","San Francisco","DE","193-940-1905","Y1083","","71269"
"1411","Active","Employee","EMP1411","Sonni","Middleton","Sonni Middleton","HE/HIM","1001","2018-12-05","True","Manufacturing","Pharma","CC2001","Contoso","North America","Business Analyst","202 Great America Parkway","London","UK","345-789-1234","P2301","GUD01","37069"
"1480","Inactive","Employee","EMP1480","Valeda","Imelida","Valeda Imelida","SHE/HER","1066","2015-11-17","True","Human Resources","Electronics","CC1005","Woodgrove","Europe","Accountant","698 Menlo Rd","Frankfurt","FR","259-915-1098","C1084","GIQ23","23235"
"1467","Active","Employee","EMP1467","Sheelagh","Sibyls","Sheelagh Sibyls","THEY/THEM","1161","2013-01-26","True","Finance","Garments","CC1005","Fabrikam","Middle East","Accountant","698 Menlo Rd","Chicago","US","937-903-9108","Y1083","GIQ23","41728"
"1351","Active","Employee","EMP1351","Mildrid","Angelis","Mildrid Angelis","THEY/THEM","1660","2021-01-26","True","Product Marketing","Pharma","CC4830","Woodgrove","Middle East","Director","202 Great America Parkway","Mumbai","UK","193-940-1905","Y1083","GIQ23","82489"
"1002","Active","Employee","EMP1002","Neila","Pillsbury","Neila Pillsbury","HE/HIM","1531","2017-07-09","False","Sales","Food","CC4830","Woodgrove","Europe","Program Manager","303 Mansion Ct","Paris","FR","259-915-1098","P2301","GIQ23","50001"
"1072","Inactive","Employee","EMP1072","Roxane","Regan","Roxane Regan","SHE/HER","1108","2015-02-16","True","Manufacturing","Garments","CC4830","Contoso","Middle East","Business Analyst","101 Woodgrove Way","Mumbai","UK","150-150-1586","C1084","BTK39","84695"
"1844","Active","Employee","EMP1844","Ronna","Stover","Ronna Stover","THEY/THEM","1655","2021-09-09","False","Manufacturing","Garments","CC4830","Contoso","Asia Pacific","Sales Executive","","San Francisco","FR","345-789-1234","Y1083","GIQ23","17077"
"1064","Active","Employee","EMP1064","Estell","Jaylene","Estell Jaylene","HE/HIM","1451","2012-06-17","False","Sales","Garments","CC7018","Fabrikam","Asia Pacific","Program Manager","101 Woodgrove Way","Frankfurt","US","259-915-1098","Y1083","BTK39","10802"
"1585","Inactive","Employee","EMP1585","Kate","Audly","Kate Audly","SHE/HER","1861","2020-03-14","False","Manufacturing","Food","CC7018","Fabrikam","Asia Pacific","Engineering Manager","202 Great America Parkway","Frankfurt","IN","451-190-0893","Y1083","ALK34","22792"
"1564","Active","Employee","EMP1564","Belva","Karna","Belva Karna","SHE/HER","1976","2014-07-02","True","Finance","Media","CC3035","Woodgrove","Asia Pacific","Vice President","698 Menlo Rd","Mumbai","US","150-150-1586","T1001","GUD01","79916"
"1679","Active","Employee","EMP1679","Harrietta","Evvie","Harrietta Evvie","SHE/HER","1490","2014-06-14","True","Manufacturing","Pharma","CC1005","Contoso","North America","Engineering Manager","698 Menlo Rd","San Francisco","UK","193-940-1905","Y1083","GUD01","63020"
"1329","Active","Employee","EMP1329","Inga","Howlyn","Inga Howlyn","THEY/THEM","1314","2010-06-24","True","Finance","Media","CC2001","Fabrikam","Europe","Director","404 Legacy Dr","San Francisco","DE","150-150-1586","T1001","GIQ23","49880"
"1245","Active","Employee","EMP1245","Winny","Edison","Winny Edison","SHE/HER","1626","2018-03-14","True","Product Marketing","Food","CC4830","Fabrikam","Asia Pacific","Director","202 Great America Parkway","London","DE","789-093-2560","Y1083","GIQ23","19418"
"1704","Inactive","Employee","EMP1704","Gilligan","Zuzana","Gilligan Zuzana","HE/HIM","1946","2020-03-05","False","Human Resources","Electronics","CC5081","Fabrikam","Europe","Sales Executive","303 Mansion Ct","Paris","FR","789-093-2560","P2301","GIQ23","68970"
"1145","Active","Employee","EMP1145","Lory","Norrie","Lory Norrie","HE/HIM","1347","2012-06-15","False","Product Marketing","Food","CC1005","Woodgrove","Europe","Program Manager","404 Legacy Dr","London","IN","451-190-0893","C1084","GIQ23","11213"
"1940","Inactive","Employee","EMP1940","Brana","Zrike","Brana Zrike","HE/HIM","1427","2014-06-11","False","Product Engineering","Pharma","CC4830","Fabrikam","Middle East","Vice President","404 Legacy Dr","San Francisco","DE","193-940-1905","T1001","BTK39","60359"
"1276","Inactive","Employee","EMP1276","Donetta","Stilwell","Donetta Stilwell","THEY/THEM","1909","2020-07-10","True","Product Marketing","Food","CC1005","Woodgrove","Middle East","Director","303 Mansion Ct","London","IN","789-093-2560","T1001","ALK34","26404"
"1124","Inactive","Employee","EMP1124","Ada","Shama","Ada Shama","HE/HIM","1766","2013-12-11","True","Product Engineering","Pharma","CC4830","Fabrikam","Europe","Sales Executive","303 Mansion Ct","Paris","UK","193-940-1905","Y1083","","66646"
"1124","Inactive","Employee","EMP1124","Dorice","Afton","Dorice Afton","THEY/THEM","1185","2013-03-30","True","Sales","Media","CC5081","Woodgrove","Asia Pacific","Business Analyst","698 Menlo Rd","San Francisco","DE","789-093-2560","T1001","BTK39","13867"
"1259","Active","Employee","EMP1259","Kristina","Meli","Kristina Meli","THEY/THEM","1841","2012-07-09","True","Human Resources","Electronics","CC2001","Woodgrove","North America","Software Developer","303 Mansion Ct","Paris","UK","451-190-0893","Y1083","","55732"
"1770","Inactive","Employee","EMP1770","Max","Screens","Max Screens","THEY/THEM","1788","2021-01-07","True","Human Resources","Garments","CC3035","Fabrikam","Middle East","Director","303 Mansion Ct","Paris","FR","789-093-2560","C1084","BTK39","68119"
"1116","Active","Employee","EMP1116","Melodie","Schlosser","Melodie Schlosser","SHE/HER","1224","2013-03-16","False","Sales","Food","CC9016","Contoso","North America","Director","698 Menlo Rd","San Francisco","FR","789-093-2560","P2301","GUD01","48892"
"1024","Inactive","Employee","EMP1024","Silvana","Zitvaa","Silvana Zitvaa","SHE/HER","1418","2018-12-01","False","Sales","Media","CC9016","Woodgrove","Europe","Software Developer","303 Mansion Ct","Paris","US","345-789-1234","Y1083","ALK34","17516"
"1863","Inactive","Employee","EMP1863","Odessa","Garek","Odessa Garek","THEY/THEM","1657","2013-06-23","True","Human Resources","Electronics","CC3035","Fabrikam","North America","Sales Executive","","London","IN","150-150-1586","C1084","GUD01","38959"
"1256","Active","Employee","EMP1256","Jaime","Saunderson","Jaime Saunderson","HE/HIM","1948","2015-07-05","False","Product Marketing","Media","CC3035","Contoso","Middle East","Program Manager","404 Legacy Dr","Munich","US","259-915-1098","P2301","","67559"
"1814","Active","Employee","EMP1814","Sharlene","Llovera","Sharlene Llovera","HE/HIM","1089","2017-08-12","False","Manufacturing","Media","CC3035","Woodgrove","Europe","Engineering Manager","698 Menlo Rd","Frankfurt","IN","193-940-1905","P2301","GIQ23","83060"
"1945","Active","Employee","EMP1945","Nelle","Even","Nelle Even","HE/HIM","1088","2013-07-08","False","Product Marketing","Pharma","CC4830","Fabrikam","Asia Pacific","Business Analyst","698 Menlo Rd","San Francisco","IN","193-940-1905","Y1083","ALK34","48910"
"1933","Inactive","Employee","EMP1933","Hettie","Mich","Hettie Mich","THEY/THEM","1140","2014-05-31","True","Human Resources","Media","CC4830","Fabrikam","Asia Pacific","Sales Executive","","Frankfurt","FR","259-915-1098","P2301","","84475"
"1418","Inactive","Employee","EMP1418","June","Delacourt","June Delacourt","THEY/THEM","1540","2012-09-26","False","Finance","Pharma","CC3035","Fabrikam","North America","Director","303 Mansion Ct","Mumbai","FR","937-903-9108","Y1083","","50889"
"1157","Inactive","Employee","EMP1157","Sybille","Lorain","Sybille Lorain","SHE/HER","1123","2013-07-15","False","Sales","Media","CC9016","Fabrikam","Europe","Engineering Manager","202 Great America Parkway","Chicago","DE","150-150-1586","P2301","ALK34","21215"
"1903","Inactive","Employee","EMP1903","Penelopa","Blake","Penelopa Blake","THEY/THEM","1813","2012-05-13","False","Product Engineering","Garments","CC3035","Woodgrove","Europe","Accountant","101 Woodgrove Way","San Francisco","FR","789-093-2560","P2301","ALK34","13818"
"1294","Active","Employee","EMP1294","Wileen","Dawkins","Wileen Dawkins","THEY/THEM","1491","2021-01-23","False","Product Marketing","Electronics","CC7018","Contoso","North America","Accountant","404 Legacy Dr","San Francisco","IN","937-903-9108","P2301","GIQ23","40363"
"1469","Inactive","Employee","EMP1469","Harrietta","Sparhawk","Harrietta Sparhawk","THEY/THEM","1576","2011-01-19","True","Human Resources","Garments","CC3035","Contoso","Middle East","Director","","Paris","IN","259-915-1098","Y1083","GUD01","53638"
"1339","Inactive","Employee","EMP1339","Lanna","Ciro","Lanna Ciro","SHE/HER","1679","2017-10-26","True","Sales","Garments","CC7018","Woodgrove","Europe","Vice President","698 Menlo Rd","Mumbai","UK","789-093-2560","T1001","BTK39","84479"
"1437","Active","Employee","EMP1437","Dione","Jorgan","Dione Jorgan","HE/HIM","1233","2020-10-26","True","Manufacturing","Media","CC2001","Woodgrove","Europe","Accountant","303 Mansion Ct","London","UK","345-789-1234","C1084","","28862"
"1867","Active","Employee","EMP1867","Bee","Travax","Bee Travax","HE/HIM","1479","2019-03-11","True","Product Marketing","Media","CC9016","Fabrikam","North America","Program Manager","202 Great America Parkway","London","IN","937-903-9108","P2301","ALK34","16349"
"1231","Inactive","Employee","EMP1231","Jackie","Kelula","Jackie Kelula","THEY/THEM","1966","2019-01-23","True","Manufacturing","Media","CC3035","Contoso","Europe","Program Manager","101 Woodgrove Way","London","FR","345-789-1234","T1001","GUD01","65434"
