"WorkerID","WorkerStatus","WorkerType","UserID","FirstName","LastName","FullName","GenderPronoun","ManagerID","HireDate","OnLeave","Department","Division","CostCenter","Company","Location","JobTitle","StreetAddress","City","CountryCode","OfficePhone","Custom01","Custom02","ZipCode"
"2000","Active","Intern","EMP2000","Keelia","Standing","Keelia Standing","SHE/HER","1083","2012-12-08","True","Human Resources","Garments","CC2001","Woodgrove","North America","Engineering Manager","","Paris","FR","259-915-1098","T1001","ALK34","55738"
"1586","Active","Intern","EMP1586","Maridel","Carlson","Maridel Carlson","SHE/HER","1196","2020-02-08","False","Sales","Pharma","CC3035","Woodgrove","North America","Director","404 Legacy Dr","Frankfurt","DE","193-940-1905","Y1083","GIQ23","86397"
"1571","Inactive","Intern","EMP1571","Lorie","Poll","Lorie Poll","THEY/THEM","1752","2011-06-19","False","Human Resources","Garments","CC3035","Contoso","Europe","Engineering Manager","698 Menlo Rd","San Francisco","DE","150-150-1586","Y1083","BTK39","65397"
"1597","Active","Intern","EMP1597","Elie","Iphlgenia","Elie Iphlgenia","SHE/HER","1669","2018-01-07","True","Product Marketing","Electronics","CC4830","Fabrikam","Europe","Software Developer","303 Mansion Ct","San Francisco","UK","937-903-9108","C1084","GIQ23","27817"
"1327","Active","Intern","EMP1327","Cherrita","Ball","Cherrita Ball","SHE/HER","1918","2013-08-24","True","Human Resources","Electronics","CC5081","Contoso","Asia Pacific","Engineering Manager","202 Great America Parkway","Paris","US","451-190-0893","T1001","GIQ23","52829"
"1203","Active","Intern","EMP1203","Laurene","Winthorpe","Laurene Winthorpe","SHE/HER","1113","2013-03-21","False","Product Engineering","Media","CC2001","Contoso","North America","Program Manager","202 Great America Parkway","Chicago","DE","193-940-1905","P2301","","58692"
"1328","Active","Intern","EMP1328","Sandie","Magnolia","Sandie Magnolia","HE/HIM","1790","2014-05-19","False","Product Marketing","Media","CC1005","Contoso","Europe","Customer Service Representative","101 Woodgrove Way","London","UK","259-915-1098","C1084","GIQ23","83280"
"1728","Active","Intern","EMP1728","Rosene","Revkah","Rosene Revkah","THEY/THEM","1301","2014-11-16","True","Finance","Electronics","CC4830","Contoso","North America","Business Analyst","303 Mansion Ct","Paris","FR","259-915-1098","P2301","BTK39","46724"
"1226","Active","Intern","EMP1226","Ariela","Aida","Ariela Aida","THEY/THEM","1887","2022-05-29","False","Manufacturing","Food","CC1005","Fabrikam","North America","Engineering Manager","698 Menlo Rd","Mumbai","IN","150-150-1586","Y1083","ALK34","61671"
"1293","Active","Intern","EMP1293","Maridel","Allina","Maridel Allina","HE/HIM","1393","2017-05-16","True","Product Engineering","Electronics","CC4830","Fabrikam","North America","Customer Service Representative","303 Mansion Ct","London","UK","937-903-9108","P2301","GIQ23","23169"
"1723","Inactive","Intern","EMP1723","Latisha","Faro","Latisha Faro","THEY/THEM","1194","2013-05-29","True","Product Marketing","Media","CC1005","Contoso","North America","Director","698 Menlo Rd","San Francisco","FR","259-915-1098","P2301","BTK39","22593"
"1428","Inactive","Intern","EMP1428","Elvira","Egbert","Elvira Egbert","THEY/THEM","1405","2017-04-18","False","Sales","Pharma","CC4830","Contoso","Europe","Accountant","202 Great America Parkway","Munich","FR","937-903-9108","C1084","","79116"
"1430","Active","Intern","EMP1430","Mildrid","Germann","Mildrid Germann","THEY/THEM","1540","2018-12-16","True","Manufacturing","Garments","CC3035","Woodgrove","North America","Business Analyst","698 Menlo Rd","Mumbai","FR","193-940-1905","P2301","","50948"
"1163","Active","Intern","EMP1163","Doralynne","Demitria","Doralynne Demitria","HE/HIM","1358","2015-03-14","True","Manufacturing","Electronics","CC5081","Contoso","Europe","Accountant","698 Menlo Rd","San Francisco","DE","259-915-1098","Y1083","GUD01","66310"
"1369","Inactive","Intern","EMP1369","Carmela","Letsou","Carmela Letsou","HE/HIM","1052","2013-09-04","True","Manufacturing","Food","CC2001","Fabrikam","Asia Pacific","Vice President","202 Great America Parkway","Munich","DE","259-915-1098","T1001","GUD01","28238"
"1762","Inactive","Intern","EMP1762","Randa","Plato","Randa Plato","SHE/HER","1676","2010-02-14","True","Product Marketing","Pharma","CC1005","Fabrikam","Middle East","Project Manager","698 Menlo Rd","Paris","US","150-150-1586","T1001","ALK34","81386"
"1557","Inactive","Intern","EMP1557","Averyl","Karylin","Averyl Karylin","HE/HIM","1063","2010-04-14","False","Product Engineering","Garments","CC2001","Contoso","Asia Pacific","Vice President","698 Menlo Rd","San Francisco","DE","150-150-1586","P2301","BTK39","30566"
"1435","Inactive","Intern","EMP1435","Jessy","Saint","Jessy Saint","THEY/THEM","1114","2018-07-28","True","Sales","Pharma","CC4830","Fabrikam","Asia Pacific","Accountant","","Paris","IN","789-093-2560","Y1083","","72030"
"1774","Inactive","Intern","EMP1774","Brianna","Erminia","Brianna Erminia","THEY/THEM","1163","2021-11-16","False","Sales","Electronics","CC1005","Contoso","Asia Pacific","Software Developer","101 Woodgrove Way","Mumbai","IN","150-150-1586","C1084","GUD01","14912"
"1641","Active","Intern","EMP1641","Evaleen","Behre","Evaleen Behre","SHE/HER","1136","2010-01-11","True","Finance","Food","CC4830","Contoso","Asia Pacific","Customer Service Representative","202 Great America Parkway","Frankfurt","US","451-190-0893","Y1083","","86919"
"1896","Inactive","Intern","EMP1896","Jean","Duwalt","Jean Duwalt","THEY/THEM","1906","2016-10-10","True","Sales","Media","CC2001","Contoso","Middle East","Vice President","202 Great America Parkway","San Francisco","FR","937-903-9108","P2301","","34366"
"1668","Active","Intern","EMP1668","Stacey","Hanshaw","Stacey Hanshaw","THEY/THEM","1002","2015-04-06","True","Product Marketing","Media","CC3035","Woodgrove","Europe","Sales Executive","698 Menlo Rd","Munich","DE","937-903-9108","Y1083","BTK39","35984"
"1575","Active","Intern","EMP1575","Bill","Vittoria","Bill Vittoria","THEY/THEM","1489","2013-03-02","False","Human Resources","Electronics","CC1005","Contoso","Asia Pacific","Software Developer","698 Menlo Rd","London","IN","789-093-2560","P2301","BTK39","85133"
"1949","Inactive","Intern","EMP1949","Collen","Eugenia","Collen Eugenia","THEY/THEM","1182","2019-08-13","False","Human Resources","Electronics","CC2001","Woodgrove","North America","Sales Executive","202 Great America Parkway","San Francisco","DE","150-150-1586","P2301","GUD01","11661"
"1565","Inactive","Intern","EMP1565","Nikki","Myrilla","Nikki Myrilla","HE/HIM","1778","2018-05-21","False","Human Resources","Garments","CC1005","Fabrikam","Middle East","Sales Executive","202 Great America Parkway","Paris","US","789-093-2560","T1001","","30734"
"1327","Inactive","Intern","EMP1327","Reeba","Abbot","Reeba Abbot","HE/HIM","1559","2013-08-31","False","Product Marketing","Electronics","CC7018","Fabrikam","Middle East","Sales Executive","101 Woodgrove Way","San Francisco","UK","937-903-9108","Y1083","GIQ23","28946"
"1961","Inactive","Intern","EMP1961","Gianina","Newell","Gianina Newell","HE/HIM","1618","2020-05-21","False","Sales","Electronics","CC3035","Contoso","North America","Program Manager","698 Menlo Rd","Mumbai","UK","451-190-0893","C1084","BTK39","54996"
"1895","Active","Intern","EMP1895","Renae","Morrill","Renae Morrill","SHE/HER","1983","2020-11-10","False","Human Resources","Garments","CC1005","Contoso","Europe","Business Analyst","","Paris","US","789-093-2560","P2301","ALK34","29795"
"1107","Inactive","Intern","EMP1107","Brynna","Bibi","Brynna Bibi","SHE/HER","1241","2014-12-07","False","Finance","Electronics","CC9016","Woodgrove","Middle East","Customer Service Representative","101 Woodgrove Way","Frankfurt","UK","789-093-2560","Y1083","GIQ23","54207"
"1060","Active","Intern","EMP1060","Corina","Dorine","Corina Dorine","THEY/THEM","1245","2022-05-28","True","Manufacturing","Media","CC1005","Fabrikam","Europe","Business Analyst","303 Mansion Ct","San Francisco","DE","451-190-0893","P2301","","67929"
"1305","Inactive","Intern","EMP1305","Sissy","Jary","Sissy Jary","HE/HIM","1567","2016-02-16","False","Product Marketing","Pharma","CC4830","Fabrikam","Europe","Engineering Manager","","Munich","FR","259-915-1098","Y1083","ALK34","78889"
"1699","Active","Intern","EMP1699","Cristine","Vanni","Cristine Vanni","THEY/THEM","1754","2012-07-12","True","Sales","Pharma","CC1005","Contoso","Asia Pacific","Business Analyst","","San Francisco","US","937-903-9108","P2301","ALK34","80141"
"1187","Active","Intern","EMP1187","Dania","Brady","Dania Brady","SHE/HER","1131","2011-12-16","False","Manufacturing","Media","CC7018","Woodgrove","Middle East","Engineering Manager","404 Legacy Dr","Paris","IN","789-093-2560","T1001","","61268"
"1667","Active","Intern","EMP1667","Philis","Kussell","Philis Kussell","THEY/THEM","1008","2018-03-07","True","Product Engineering","Pharma","CC9016","Fabrikam","North America","Software Developer","202 Great America Parkway","Frankfurt","FR","259-915-1098","T1001","BTK39","85693"
"1802","Inactive","Intern","EMP1802","Janenna","Melony","Janenna Melony","THEY/THEM","1028","2019-04-10","False","Manufacturing","Food","CC5081","Contoso","Middle East","Sales Executive","698 Menlo Rd","San Francisco","IN","193-940-1905","Y1083","BTK39","54131"
"1983","Inactive","Intern","EMP1983","Coral","Wandie","Coral Wandie","SHE/HER","1937","2015-10-08","False","Human Resources","Pharma","CC5081","Fabrikam","North America","Engineering Manager","","Frankfurt","US","193-940-1905","T1001","","50507"
"1081","Inactive","Intern","EMP1081","Gisela","Anyah","Gisela Anyah","THEY/THEM","1781","2015-09-11","False","Human Resources","Pharma","CC7018","Fabrikam","Asia Pacific","Customer Service Representative","","Paris","UK","345-789-1234","C1084","BTK39","61718"
"1444","Active","Intern","EMP1444","Eve","Concha","Eve Concha","HE/HIM","1055","2011-02-12","False","Human Resources","Pharma","CC3035","Woodgrove","Asia Pacific","Software Developer","303 Mansion Ct","Paris","DE","451-190-0893","Y1083","","87258"
"1550","Active","Intern","EMP1550","Grier","Byrne","Grier Byrne","THEY/THEM","1623","2019-05-12","True","Sales","Electronics","CC5081","Contoso","Asia Pacific","Business Analyst","404 Legacy Dr","Mumbai","US","345-789-1234","C1084","GIQ23","69356"
"1216","Active","Intern","EMP1216","Dominga","Tufts","Dominga Tufts","THEY/THEM","1227","2013-09-16","False","Finance","Garments","CC3035","Woodgrove","Asia Pacific","Vice President","303 Mansion Ct","San Francisco","DE","345-789-1234","T1001","ALK34","70638"
"1831","Inactive","Intern","EMP1831","Sarette","August","Sarette August","SHE/HER","1655","2019-08-29","True","Finance","Media","CC2001","Woodgrove","Asia Pacific","Program Manager","698 Menlo Rd","Frankfurt","FR","937-903-9108","T1001","BTK39","50589"
"1316","Active","Intern","EMP1316","Steffane","Capello","Steffane Capello","SHE/HER","1367","2014-11-14","False","Human Resources","Garments","CC5081","Contoso","Europe","Sales Executive","","London","FR","451-190-0893","Y1083","GUD01","87689"
"1664","Inactive","Intern","EMP1664","Rochette","Forrer","Rochette Forrer","THEY/THEM","1130","2017-07-05","True","Finance","Garments","CC2001","Contoso","North America","Business Analyst","","San Francisco","FR","789-093-2560","T1001","GUD01","57667"
"1484","Active","Intern","EMP1484","Steffane","Pierette","Steffane Pierette","SHE/HER","1410","2016-01-07","False","Human Resources","Food","CC4830","Contoso","Europe","Project Manager","202 Great America Parkway","San Francisco","IN","937-903-9108","T1001","ALK34","48726"
"1834","Inactive","Intern","EMP1834","Alyda","Rubie","Alyda Rubie","HE/HIM","1894","2013-04-25","True","Sales","Pharma","CC5081","Contoso","Asia Pacific","Business Analyst","","Chicago","IN","937-903-9108","P2301","GIQ23","29975"
"1024","Active","Intern","EMP1024","Phedra","Carbo","Phedra Carbo","THEY/THEM","1581","2010-07-10","True","Product Engineering","Garments","CC5081","Contoso","Asia Pacific","Software Developer","202 Great America Parkway","Chicago","DE","937-903-9108","T1001","","16059"
"1728","Active","Intern","EMP1728","Ingrid","Ventre","Ingrid Ventre","HE/HIM","1179","2011-02-16","False","Product Marketing","Electronics","CC7018","Fabrikam","Asia Pacific","Director","202 Great America Parkway","Mumbai","UK","451-190-0893","C1084","","60075"
"1346","Active","Intern","EMP1346","Sean","Solitta","Sean Solitta","SHE/HER","1115","2020-09-11","True","Manufacturing","Garments","CC9016","Woodgrove","North America","Software Developer","698 Menlo Rd","Mumbai","US","193-940-1905","Y1083","BTK39","16425"
"1966","Active","Intern","EMP1966","Fanny","Peonir","Fanny Peonir","THEY/THEM","1161","2017-10-23","True","Manufacturing","Media","CC7018","Woodgrove","Asia Pacific","Sales Executive","698 Menlo Rd","San Francisco","UK","789-093-2560","P2301","BTK39","80335"
"1292","Active","Intern","EMP1292","Bertine","Alrich","Bertine Alrich","THEY/THEM","1683","2012-02-03","False","Human Resources","Media","CC4830","Woodgrove","North America","Program Manager","202 Great America Parkway","Mumbai","US","789-093-2560","T1001","","18586"
"1104","Active","Intern","EMP1104","Estell","Brady","Estell Brady","THEY/THEM","1031","2016-03-04","True","Human Resources","Media","CC9016","Woodgrove","North America","Business Analyst","202 Great America Parkway","San Francisco","DE","150-150-1586","P2301","","80670"
"1266","Inactive","Intern","EMP1266","Barbi","Fulmer","Barbi Fulmer","THEY/THEM","1805","2015-03-01","True","Product Engineering","Media","CC4830","Contoso","Europe","Program Manager","101 Woodgrove Way","San Francisco","IN","345-789-1234","Y1083","ALK34","46219"
"1992","Active","Intern","EMP1992","Katharina","Payson","Katharina Payson","HE/HIM","1481","2020-11-04","True","Sales","Electronics","CC7018","Contoso","Middle East","Program Manager","698 Menlo Rd","Mumbai","UK","259-915-1098","T1001","GIQ23","17862"
"1948","Active","Intern","EMP1948","Althea","Taima","Althea Taima","SHE/HER","1030","2021-07-04","False","Product Engineering","Food","CC1005","Fabrikam","Asia Pacific","Software Developer","","London","UK","937-903-9108","P2301","ALK34","27148"
"1665","Active","Intern","EMP1665","Talya","Japeth","Talya Japeth","THEY/THEM","1666","2014-09-21","False","Manufacturing","Electronics","CC1005","Fabrikam","Asia Pacific","Software Developer","404 Legacy Dr","Frankfurt","FR","345-789-1234","Y1083","","40784"
"1903","Active","Intern","EMP1903","Andeee","Burkle","Andeee Burkle","SHE/HER","1057","2021-06-24","False","Manufacturing","Media","CC9016","Woodgrove","North America","Business Analyst","101 Woodgrove Way","Mumbai","DE","451-190-0893","T1001","GIQ23","41710"
"1999","Inactive","Intern","EMP1999","Sonni","Ammann","Sonni Ammann","THEY/THEM","1335","2019-05-29","True","Product Engineering","Media","CC7018","Contoso","North America","Customer Service Representative","","Munich","FR","259-915-1098","P2301","BTK39","69114"
"1609","Inactive","Intern","EMP1609","Lusa","Darian","Lusa Darian","SHE/HER","1261","2021-09-19","False","Finance","Food","CC5081","Woodgrove","Middle East","Software Developer","698 Menlo Rd","Mumbai","FR","259-915-1098","Y1083","BTK39","47650"
"1227","Inactive","Intern","EMP1227","Aimil","Loeb","Aimil Loeb","THEY/THEM","1015","2021-01-02","False","Product Engineering","Pharma","CC7018","Fabrikam","Asia Pacific","Business Analyst","101 Woodgrove Way","San Francisco","FR","150-150-1586","P2301","ALK34","80744"
"1207","Active","Intern","EMP1207","Edyth","Merna","Edyth Merna","SHE/HER","1363","2013-10-29","False","Product Engineering","Food","CC9016","Woodgrove","Europe","Director","101 Woodgrove Way","Mumbai","FR","451-190-0893","T1001","ALK34","89507"
"1480","Inactive","Intern","EMP1480","Loree","Presber","Loree Presber","SHE/HER","1689","2021-11-03","True","Product Marketing","Garments","CC7018","Contoso","Middle East","Accountant","404 Legacy Dr","Mumbai","UK","345-789-1234","T1001","ALK34","21493"
"1615","Inactive","Intern","EMP1615","Riannon","Hermes","Riannon Hermes","THEY/THEM","1561","2013-05-26","False","Finance","Garments","CC9016","Fabrikam","North America","Director","303 Mansion Ct","Mumbai","IN","259-915-1098","T1001","BTK39","36747"
"1906","Active","Intern","EMP1906","Mildrid","Fairweather","Mildrid Fairweather","THEY/THEM","1622","2015-09-29","True","Finance","Media","CC3035","Contoso","Middle East","Engineering Manager","101 Woodgrove Way","Frankfurt","IN","789-093-2560","T1001","GUD01","62179"
"1259","Inactive","Intern","EMP1259","Zia","Ball","Zia Ball","THEY/THEM","1023","2013-08-03","True","Sales","Pharma","CC4830","Fabrikam","Middle East","Sales Executive","404 Legacy Dr","Paris","US","451-190-0893","Y1083","","20873"
"1014","Active","Intern","EMP1014","Netty","Eiser","Netty Eiser","THEY/THEM","1349","2012-08-07","False","Manufacturing","Electronics","CC2001","Woodgrove","Asia Pacific","Engineering Manager","202 Great America Parkway","Munich","UK","259-915-1098","C1084","GUD01","58069"
"1311","Active","Intern","EMP1311","Gerrie","Albertine","Gerrie Albertine","THEY/THEM","1611","2012-05-19","False","Finance","Food","CC9016","Woodgrove","Middle East","Vice President","303 Mansion Ct","Paris","UK","451-190-0893","Y1083","ALK34","80187"
"1373","Inactive","Intern","EMP1373","Stevana","Miru","Stevana Miru","THEY/THEM","1910","2021-03-12","False","Product Marketing","Media","CC4830","Woodgrove","North America","Program Manager","202 Great America Parkway","San Francisco","FR","259-915-1098","P2301","ALK34","62206"
"1345","Active","Intern","EMP1345","Bibby","Wenoa","Bibby Wenoa","THEY/THEM","1593","2011-10-07","True","Product Engineering","Electronics","CC1005","Fabrikam","Europe","Director","101 Woodgrove Way","Mumbai","DE","937-903-9108","P2301","BTK39","86980"
"1307","Active","Intern","EMP1307","Tersina","Jary","Tersina Jary","THEY/THEM","1625","2020-02-05","False","Human Resources","Electronics","CC5081","Woodgrove","North America","Vice President","202 Great America Parkway","San Francisco","DE","193-940-1905","P2301","GUD01","34059"
"1857","Active","Intern","EMP1857","Neila","Fry","Neila Fry","THEY/THEM","1320","2013-06-16","True","Human Resources","Garments","CC1005","Woodgrove","Middle East","Project Manager","303 Mansion Ct","Munich","DE","451-190-0893","C1084","GIQ23","29864"
"1455","Active","Intern","EMP1455","Marti","Carvey","Marti Carvey","SHE/HER","1037","2019-08-23","False","Finance","Pharma","CC2001","Woodgrove","North America","Project Manager","404 Legacy Dr","Mumbai","US","789-093-2560","C1084","ALK34","44730"
"1173","Active","Intern","EMP1173","Meriel","Gino","Meriel Gino","HE/HIM","1844","2018-12-20","True","Finance","Electronics","CC7018","Fabrikam","Europe","Software Developer","101 Woodgrove Way","Munich","IN","259-915-1098","Y1083","BTK39","27281"
"1803","Active","Intern","EMP1803","Fina","Magdalen","Fina Magdalen","SHE/HER","1873","2014-10-29","True","Product Engineering","Garments","CC7018","Woodgrove","Middle East","Engineering Manager","698 Menlo Rd","San Francisco","US","937-903-9108","Y1083","ALK34","26882"
"1009","Inactive","Intern","EMP1009","Camile","McCutcheon","Camile McCutcheon","THEY/THEM","1936","2017-06-20","True","Product Engineering","Garments","CC1005","Contoso","North America","Project Manager","303 Mansion Ct","Munich","IN","150-150-1586","C1084","GUD01","27114"
"1540","Active","Intern","EMP1540","Tabbatha","Hermes","Tabbatha Hermes","THEY/THEM","1636","2011-05-23","False","Sales","Food","CC3035","Contoso","Europe","Sales Executive","","San Francisco","US","345-789-1234","T1001","","17845"
"1551","Inactive","Intern","EMP1551","Gabriellia","Sigfrid","Gabriellia Sigfrid","SHE/HER","1759","2017-01-21","True","Sales","Pharma","CC1005","Woodgrove","Europe","Program Manager","698 Menlo Rd","Chicago","FR","451-190-0893","Y1083","","79369"
"1059","Inactive","Intern","EMP1059","Paule","Ietta","Paule Ietta","THEY/THEM","1338","2011-05-17","True","Human Resources","Electronics","CC5081","Fabrikam","Middle East","Accountant","202 Great America Parkway","San Francisco","DE","789-093-2560","P2301","GIQ23","32651"
"1658","Active","Intern","EMP1658","Kassey","Lynn","Kassey Lynn","HE/HIM","1625","2017-05-30","True","Manufacturing","Garments","CC9016","Contoso","Middle East","Project Manager","","San Francisco","IN","259-915-1098","Y1083","BTK39","72696"
"1551","Active","Intern","EMP1551","Brana","Annabella","Brana Annabella","THEY/THEM","1694","2014-01-28","False","Finance","Food","CC7018","Contoso","Middle East","Customer Service Representative","","San Francisco","UK","345-789-1234","T1001","ALK34","43939"
"1626","Inactive","Intern","EMP1626","Olwen","Ashely","Olwen Ashely","THEY/THEM","1388","2016-08-05","False","Sales","Electronics","CC9016","Fabrikam","North America","Sales Executive","303 Mansion Ct","Mumbai","US","150-150-1586","T1001","GIQ23","58711"
"1248","Active","Intern","EMP1248","Gwyneth","Boycey","Gwyneth Boycey","THEY/THEM","1955","2010-10-14","True","Product Marketing","Garments","CC1005","Fabrikam","Europe","Customer Service Representative","202 Great America Parkway","Frankfurt","IN","345-789-1234","P2301","ALK34","77497"
"1817","Active","Intern","EMP1817","Violet","Adalbert","Violet Adalbert","THEY/THEM","1753","2018-05-21","True","Human Resources","Pharma","CC5081","Woodgrove","Asia Pacific","Vice President","202 Great America Parkway","Chicago","IN","451-190-0893","T1001","BTK39","88493"
"1839","Active","Intern","EMP1839","Lory","Abram","Lory Abram","SHE/HER","1235","2018-01-09","True","Sales","Media","CC2001","Contoso","Asia Pacific","Accountant","303 Mansion Ct","Paris","IN","789-093-2560","C1084","ALK34","37217"
"1400","Inactive","Intern","EMP1400","Jinny","Olin","Jinny Olin","HE/HIM","1196","2016-02-08","True","Manufacturing","Electronics","CC1005","Fabrikam","Asia Pacific","Vice President","303 Mansion Ct","Frankfurt","US","345-789-1234","P2301","ALK34","35697"
"1506","Inactive","Intern","EMP1506","Annice","Wesle","Annice Wesle","HE/HIM","1459","2013-09-24","False","Finance","Pharma","CC4830","Woodgrove","Asia Pacific","Accountant","101 Woodgrove Way","London","DE","259-915-1098","P2301","BTK39","24539"
"1966","Active","Intern","EMP1966","Ayn","Seessel","Ayn Seessel","HE/HIM","1530","2016-01-04","False","Sales","Media","CC4830","Fabrikam","Europe","Program Manager","","London","UK","193-940-1905","T1001","","26126"
"1914","Inactive","Intern","EMP1914","Cordi","Peonir","Cordi Peonir","HE/HIM","1444","2011-11-19","True","Product Engineering","Electronics","CC9016","Woodgrove","Europe","Sales Executive","202 Great America Parkway","San Francisco","UK","937-903-9108","Y1083","","73303"
"1409","Inactive","Intern","EMP1409","Taffy","Karylin","Taffy Karylin","HE/HIM","1213","2010-05-10","False","Finance","Food","CC1005","Fabrikam","Europe","Project Manager","202 Great America Parkway","San Francisco","FR","345-789-1234","P2301","GIQ23","23216"
"1727","Inactive","Intern","EMP1727","Vivia","Susannah","Vivia Susannah","THEY/THEM","1059","2011-03-08","False","Manufacturing","Garments","CC9016","Contoso","Asia Pacific","Vice President","698 Menlo Rd","Mumbai","DE","193-940-1905","P2301","BTK39","21295"
"1776","Active","Intern","EMP1776","Shirlee","Zrike","Shirlee Zrike","SHE/HER","1496","2013-10-16","True","Sales","Media","CC2001","Woodgrove","Asia Pacific","Software Developer","","Paris","UK","345-789-1234","C1084","GUD01","45988"
"1148","Active","Intern","EMP1148","Roxane","Desai","Roxane Desai","THEY/THEM","1737","2021-11-20","False","Product Marketing","Pharma","CC7018","Contoso","Middle East","Program Manager","202 Great America Parkway","Munich","FR","150-150-1586","T1001","","36682"
"1676","Inactive","Intern","EMP1676","Kary","Dearborn","Kary Dearborn","HE/HIM","1325","2015-04-05","True","Product Engineering","Media","CC2001","Contoso","Asia Pacific","Vice President","","Munich","FR","937-903-9108","T1001","","89413"
"1201","Inactive","Intern","EMP1201","Joane","Hurley","Joane Hurley","THEY/THEM","1967","2014-09-20","True","Sales","Electronics","CC1005","Contoso","Middle East","Sales Executive","303 Mansion Ct","London","IN","345-789-1234","Y1083","GUD01","19167"
"1897","Inactive","Intern","EMP1897","Tierney","Lymann","Tierney Lymann","SHE/HER","1474","2016-09-16","True","Manufacturing","Electronics","CC7018","Woodgrove","Europe","Director","303 Mansion Ct","San Francisco","DE","150-150-1586","P2301","ALK34","16470"
"1960","Inactive","Intern","EMP1960","Nikki","Halsey","Nikki Halsey","THEY/THEM","1784","2016-07-19","False","Sales","Pharma","CC3035","Woodgrove","Middle East","Program Manager","202 Great America Parkway","San Francisco","DE","789-093-2560","C1084","GUD01","56190"
"1992","Inactive","Intern","EMP1992","Marika","Wenoa","Marika Wenoa","SHE/HER","1233","2021-10-19","False","Finance","Pharma","CC1005","Woodgrove","Asia Pacific","Program Manager","698 Menlo Rd","Frankfurt","FR","937-903-9108","T1001","","78142"
"1892","Active","Intern","EMP1892","Lilith","Bach","Lilith Bach","SHE/HER","1644","2021-08-16","False","Manufacturing","Food","CC7018","Woodgrove","Europe","Program Manager","","London","IN","259-915-1098","T1001","ALK34","30740"
"1192","Inactive","Intern","EMP1192","Lynea","Lynn","Lynea Lynn","SHE/HER","1656","2016-03-23","True","Manufacturing","Media","CC3035","Contoso","North America","Program Manager","698 Menlo Rd","Munich","DE","150-150-1586","C1084","ALK34","36711"
"1718","Active","Intern","EMP1718","Roberta","Jobi","Roberta Jobi","THEY/THEM","1627","2010-10-12","True","Finance","Pharma","CC9016","Woodgrove","Europe","Business Analyst","404 Legacy Dr","Paris","DE","259-915-1098","Y1083","GIQ23","49952"
"1023","Inactive","Intern","EMP1023","Catrina","Bonucci","Catrina Bonucci","HE/HIM","1175","2018-06-27","True","Human Resources","Electronics","CC5081","Fabrikam","Middle East","Vice President","698 Menlo Rd","London","DE","345-789-1234","T1001","GUD01","65455"
"1976","Active","Intern","EMP1976","Charmaine","Ursulette","Charmaine Ursulette","SHE/HER","1197","2016-06-13","True","Finance","Garments","CC4830","Woodgrove","Asia Pacific","Vice President","101 Woodgrove Way","London","IN","259-915-1098","C1084","BTK39","60603"
"1095","Inactive","Intern","EMP1095","Jessamyn","Eiser","Jessamyn Eiser","HE/HIM","1438","2012-03-03","True","Human Resources","Pharma","CC1005","Woodgrove","Europe","Business Analyst","303 Mansion Ct","Frankfurt","US","150-150-1586","T1001","GUD01","81078"
"1528","Active","Intern","EMP1528","Lorie","Abernon","Lorie Abernon","HE/HIM","1759","2011-03-04","True","Product Marketing","Garments","CC7018","Contoso","Middle East","Project Manager","202 Great America Parkway","Frankfurt","IN","937-903-9108","Y1083","GUD01","42666"
"1636","Inactive","Intern","EMP1636","Raquela","Fink","Raquela Fink","THEY/THEM","1897","2011-03-11","False","Sales","Food","CC1005","Contoso","Europe","Sales Executive","404 Legacy Dr","Munich","DE","937-903-9108","T1001","GIQ23","89950"
"1646","Active","Intern","EMP1646","Carilyn","Suzetta","Carilyn Suzetta","SHE/HER","1433","2013-01-19","False","Human Resources","Garments","CC3035","Woodgrove","Middle East","Business Analyst","404 Legacy Dr","London","US","451-190-0893","C1084","BTK39","24476"
"1718","Active","Intern","EMP1718","Evaleen","Maisey","Evaleen Maisey","SHE/HER","1434","2014-04-25","False","Finance","Food","CC2001","Fabrikam","North America","Engineering Manager","698 Menlo Rd","San Francisco","IN","451-190-0893","Y1083","GUD01","35009"
"1514","Inactive","Intern","EMP1514","Inga","Bakerman","Inga Bakerman","SHE/HER","1539","2020-03-22","True","Human Resources","Garments","CC3035","Contoso","Middle East","Business Analyst","101 Woodgrove Way","Frankfurt","FR","789-093-2560","P2301","","47881"
"1565","Active","Intern","EMP1565","Gabi","Tound","Gabi Tound","HE/HIM","1007","2021-01-05","False","Product Engineering","Electronics","CC2001","Woodgrove","Middle East","Sales Executive","101 Woodgrove Way","San Francisco","US","259-915-1098","C1084","ALK34","19757"
"1688","Inactive","Intern","EMP1688","Carilyn","Ruvolo","Carilyn Ruvolo","SHE/HER","1751","2016-10-22","False","Manufacturing","Media","CC1005","Contoso","Middle East","Business Analyst","202 Great America Parkway","San Francisco","FR","259-915-1098","Y1083","","63840"
"1767","Active","Intern","EMP1767","Kimmy","Fitzsimmons","Kimmy Fitzsimmons","THEY/THEM","1792","2015-02-19","True","Manufacturing","Electronics","CC4830","Contoso","Middle East","Business Analyst","698 Menlo Rd","Paris","FR","150-150-1586","T1001","GUD01","85303"
"1167","Inactive","Intern","EMP1167","Rani","McClimans","Rani McClimans","SHE/HER","1342","2017-05-09","False","Finance","Garments","CC9016","Fabrikam","North America","Customer Service Representative","698 Menlo Rd","Chicago","IN","937-903-9108","Y1083","ALK34","46225"
"1240","Active","Intern","EMP1240","Janis","Berne","Janis Berne","SHE/HER","1744","2016-08-21","True","Manufacturing","Pharma","CC5081","Woodgrove","Europe","Project Manager","202 Great America Parkway","London","US","193-940-1905","T1001","ALK34","44087"
"1715","Inactive","Intern","EMP1715","Kaja","Zetta","Kaja Zetta","HE/HIM","1927","2014-08-11","True","Finance","Food","CC4830","Woodgrove","North America","Director","404 Legacy Dr","Munich","DE","150-150-1586","Y1083","","45054"
"1860","Inactive","Intern","EMP1860","Magdalena","Ahab","Magdalena Ahab","HE/HIM","1274","2015-07-11","True","Product Marketing","Pharma","CC4830","Fabrikam","Middle East","Software Developer","202 Great America Parkway","Munich","FR","789-093-2560","Y1083","ALK34","86085"
"1737","Inactive","Intern","EMP1737","Sonni","Cristi","Sonni Cristi","HE/HIM","1631","2016-11-06","False","Finance","Electronics","CC4830","Contoso","Asia Pacific","Program Manager","202 Great America Parkway","Frankfurt","UK","150-150-1586","C1084","GUD01","34698"
"1737","Active","Intern","EMP1737","Layla","Kimmie","Layla Kimmie","SHE/HER","1953","2013-12-23","False","Product Marketing","Electronics","CC9016","Contoso","Middle East","Project Manager","101 Woodgrove Way","Chicago","IN","345-789-1234","Y1083","GUD01","14469"
"1461","Active","Intern","EMP1461","Jaclyn","Nicoline","Jaclyn Nicoline","SHE/HER","1236","2014-08-29","False","Human Resources","Media","CC5081","Fabrikam","North America","Project Manager","698 Menlo Rd","Munich","UK","259-915-1098","P2301","ALK34","81688"
"1402","Active","Intern","EMP1402","Valeda","Publia","Valeda Publia","THEY/THEM","1368","2019-04-08","True","Sales","Food","CC1005","Fabrikam","Asia Pacific","Project Manager","404 Legacy Dr","Munich","IN","451-190-0893","Y1083","GUD01","11142"
"1288","Inactive","Intern","EMP1288","Doro","Devlen","Doro Devlen","SHE/HER","1572","2016-08-02","False","Product Marketing","Electronics","CC1005","Fabrikam","North America","Program Manager","404 Legacy Dr","Munich","UK","789-093-2560","P2301","GIQ23","68827"
"1551","Active","Intern","EMP1551","Tarra","Eugenia","Tarra Eugenia","HE/HIM","1925","2022-05-01","True","Product Engineering","Media","CC4830","Contoso","Europe","Software Developer","202 Great America Parkway","Frankfurt","US","789-093-2560","T1001","BTK39","49661"
"1515","Active","Intern","EMP1515","Chere","Macey","Chere Macey","THEY/THEM","1980","2014-07-02","True","Sales","Garments","CC5081","Contoso","Asia Pacific","Program Manager","101 Woodgrove Way","London","FR","789-093-2560","C1084","","10370"
"1239","Inactive","Intern","EMP1239","Kittie","Pierette","Kittie Pierette","HE/HIM","1882","2020-04-09","True","Product Engineering","Garments","CC4830","Fabrikam","North America","Vice President","202 Great America Parkway","Chicago","DE","451-190-0893","C1084","BTK39","88688"
"1006","Active","Intern","EMP1006","Magdalena","Kazimir","Magdalena Kazimir","HE/HIM","1629","2019-01-13","True","Product Engineering","Food","CC1005","Fabrikam","Middle East","Customer Service Representative","202 Great America Parkway","Munich","IN","789-093-2560","C1084","","67322"
"1926","Inactive","Intern","EMP1926","Robbi","Nicoline","Robbi Nicoline","SHE/HER","1075","2015-01-25","True","Human Resources","Pharma","CC2001","Fabrikam","Middle East","Program Manager","404 Legacy Dr","San Francisco","UK","937-903-9108","P2301","","12444"
"1650","Active","Intern","EMP1650","Florencia","Lilybelle","Florencia Lilybelle","THEY/THEM","1792","2018-10-03","True","Human Resources","Pharma","CC3035","Contoso","Europe","Vice President","698 Menlo Rd","London","UK","789-093-2560","Y1083","BTK39","42108"
"1748","Active","Intern","EMP1748","Karolina","Carri","Karolina Carri","THEY/THEM","1693","2022-01-15","False","Manufacturing","Electronics","CC3035","Fabrikam","Europe","Engineering Manager","303 Mansion Ct","Frankfurt","FR","451-190-0893","C1084","","61592"
"1674","Active","Intern","EMP1674","Linzy","Garbe","Linzy Garbe","HE/HIM","1398","2011-06-05","True","Sales","Food","CC9016","Woodgrove","Asia Pacific","Business Analyst","698 Menlo Rd","Paris","UK","789-093-2560","C1084","BTK39","46264"
"1851","Inactive","Intern","EMP1851","Maurene","Monk","Maurene Monk","HE/HIM","1384","2020-04-07","True","Product Engineering","Food","CC2001","Woodgrove","Asia Pacific","Accountant","101 Woodgrove Way","Frankfurt","IN","345-789-1234","C1084","ALK34","51999"
"1468","Inactive","Intern","EMP1468","Doro","Morehouse","Doro Morehouse","SHE/HER","1900","2014-01-28","False","Product Marketing","Media","CC3035","Woodgrove","Middle East","Customer Service Representative","","London","UK","789-093-2560","P2301","BTK39","76074"
"1342","Active","Intern","EMP1342","Dianemarie","Munn","Dianemarie Munn","HE/HIM","1469","2019-12-09","True","Human Resources","Pharma","CC5081","Contoso","Europe","Engineering Manager","698 Menlo Rd","Paris","US","937-903-9108","P2301","BTK39","84829"
"1595","Inactive","Intern","EMP1595","Laure","Dorothy","Laure Dorothy","THEY/THEM","1041","2010-10-04","False","Product Engineering","Garments","CC1005","Contoso","Middle East","Director","303 Mansion Ct","Munich","UK","451-190-0893","T1001","GIQ23","66352"
"1526","Active","Intern","EMP1526","Caryl","Lareena","Caryl Lareena","HE/HIM","1374","2011-06-11","True","Sales","Food","CC9016","Fabrikam","North America","Sales Executive","303 Mansion Ct","Chicago","IN","345-789-1234","C1084","","46583"
"1829","Inactive","Intern","EMP1829","Tersina","Reinke","Tersina Reinke","SHE/HER","1422","2013-03-05","True","Finance","Garments","CC5081","Contoso","Asia Pacific","Customer Service Representative","","London","FR","150-150-1586","T1001","GUD01","27254"
"1816","Active","Intern","EMP1816","Adriana","Gillan","Adriana Gillan","THEY/THEM","1671","2018-01-24","True","Finance","Pharma","CC9016","Fabrikam","Asia Pacific","Customer Service Representative","202 Great America Parkway","Chicago","UK","150-150-1586","C1084","GUD01","50132"
"1532","Inactive","Intern","EMP1532","Nadine","Ilka","Nadine Ilka","THEY/THEM","1742","2017-05-05","False","Finance","Food","CC1005","Woodgrove","Asia Pacific","Vice President","698 Menlo Rd","Mumbai","US","259-915-1098","Y1083","GUD01","15171"
"1404","Inactive","Intern","EMP1404","Jean","Kaete","Jean Kaete","HE/HIM","1428","2020-05-05","True","Human Resources","Media","CC5081","Fabrikam","North America","Business Analyst","698 Menlo Rd","Chicago","FR","259-915-1098","Y1083","ALK34","57400"
"1110","Inactive","Intern","EMP1110","Marti","Milson","Marti Milson","THEY/THEM","1020","2020-05-11","False","Product Engineering","Pharma","CC3035","Woodgrove","North America","Software Developer","404 Legacy Dr","Mumbai","UK","193-940-1905","C1084","BTK39","69706"
"1411","Inactive","Intern","EMP1411","Maryellen","Lunsford","Maryellen Lunsford","SHE/HER","1234","2013-03-14","False","Finance","Food","CC1005","Woodgrove","North America","Program Manager","698 Menlo Rd","London","US","345-789-1234","T1001","ALK34","37557"
"1006","Inactive","Intern","EMP1006","Lyssa","Jalbert","Lyssa Jalbert","THEY/THEM","1583","2022-07-13","True","Product Marketing","Garments","CC1005","Woodgrove","North America","Program Manager","698 Menlo Rd","Frankfurt","IN","259-915-1098","Y1083","GIQ23","52437"
"1071","Active","Intern","EMP1071","Nannie","Arathorn","Nannie Arathorn","SHE/HER","1497","2013-09-29","True","Product Marketing","Electronics","CC2001","Fabrikam","North America","Director","","Mumbai","US","259-915-1098","T1001","ALK34","70743"
"1884","Active","Intern","EMP1884","Leia","Blake","Leia Blake","SHE/HER","1733","2017-01-22","True","Finance","Electronics","CC4830","Contoso","Asia Pacific","Project Manager","","London","DE","345-789-1234","Y1083","GUD01","49372"
"1167","Active","Intern","EMP1167","Quintina","Stephie","Quintina Stephie","SHE/HER","1392","2010-09-12","True","Finance","Garments","CC2001","Fabrikam","Middle East","Director","404 Legacy Dr","London","UK","345-789-1234","C1084","BTK39","51244"
"1345","Active","Intern","EMP1345","Aurore","Raseda","Aurore Raseda","HE/HIM","1762","2019-10-06","True","Human Resources","Electronics","CC9016","Woodgrove","Middle East","Project Manager","101 Woodgrove Way","Munich","FR","789-093-2560","C1084","GUD01","57901"
"1993","Active","Intern","EMP1993","Lusa","Lunsford","Lusa Lunsford","SHE/HER","1062","2020-07-25","True","Human Resources","Pharma","CC1005","Woodgrove","Middle East","Sales Executive","404 Legacy Dr","Munich","IN","259-915-1098","Y1083","GIQ23","53162"
"1375","Inactive","Intern","EMP1375","Nonnah","Hilbert","Nonnah Hilbert","SHE/HER","1093","2018-01-23","True","Sales","Media","CC3035","Contoso","North America","Program Manager","698 Menlo Rd","Frankfurt","IN","150-150-1586","Y1083","BTK39","12442"
"1039","Inactive","Intern","EMP1039","Ruthe","Hortensia","Ruthe Hortensia","THEY/THEM","1218","2015-12-08","True","Sales","Garments","CC7018","Contoso","Middle East","Director","101 Woodgrove Way","Paris","DE","150-150-1586","T1001","GIQ23","69471"
"1746","Inactive","Intern","EMP1746","Lucy","Nisbet","Lucy Nisbet","THEY/THEM","1692","2015-10-27","True","Sales","Pharma","CC5081","Fabrikam","Europe","Software Developer","","Mumbai","US","150-150-1586","T1001","ALK34","65831"
"1037","Active","Intern","EMP1037","Albertina","Ricki","Albertina Ricki","HE/HIM","1575","2015-07-10","False","Product Marketing","Garments","CC1005","Contoso","Europe","Sales Executive","101 Woodgrove Way","Mumbai","UK","789-093-2560","P2301","","42975"
"1269","Inactive","Intern","EMP1269","Catrina","Friede","Catrina Friede","THEY/THEM","1947","2014-09-09","True","Finance","Garments","CC2001","Contoso","Europe","Project Manager","698 Menlo Rd","Frankfurt","US","193-940-1905","T1001","ALK34","17799"
"1809","Inactive","Intern","EMP1809","Kimmy","Kamaria","Kimmy Kamaria","HE/HIM","1785","2017-02-12","False","Manufacturing","Garments","CC1005","Fabrikam","Europe","Vice President","404 Legacy Dr","San Francisco","IN","789-093-2560","C1084","GUD01","66571"
"1870","Inactive","Intern","EMP1870","Kary","Pacorro","Kary Pacorro","THEY/THEM","1429","2013-03-12","False","Manufacturing","Media","CC5081","Woodgrove","Middle East","Business Analyst","101 Woodgrove Way","San Francisco","FR","451-190-0893","C1084","BTK39","84724"
"1909","Active","Intern","EMP1909","Maisey","Boycey","Maisey Boycey","SHE/HER","1109","2012-08-05","True","Manufacturing","Electronics","CC2001","Fabrikam","Middle East","Project Manager","303 Mansion Ct","Munich","US","937-903-9108","T1001","GUD01","80529"
"1639","Active","Intern","EMP1639","Selia","Eachern","Selia Eachern","SHE/HER","1521","2020-09-09","False","Product Engineering","Electronics","CC1005","Fabrikam","Europe","Project Manager","404 Legacy Dr","Chicago","IN","150-150-1586","T1001","GIQ23","15724"
"1790","Inactive","Intern","EMP1790","Catrina","Pond","Catrina Pond","HE/HIM","1228","2012-09-04","True","Sales","Pharma","CC1005","Woodgrove","Asia Pacific","Vice President","698 Menlo Rd","San Francisco","IN","150-150-1586","P2301","ALK34","17228"
"1690","Inactive","Intern","EMP1690","Carly","Eben","Carly Eben","THEY/THEM","1436","2013-12-07","False","Manufacturing","Pharma","CC4830","Woodgrove","Middle East","Engineering Manager","101 Woodgrove Way","San Francisco","US","451-190-0893","T1001","","62152"
"1938","Inactive","Intern","EMP1938","Gabriellia","Yerkovich","Gabriellia Yerkovich","THEY/THEM","1518","2014-09-09","False","Product Marketing","Food","CC1005","Contoso","Asia Pacific","Customer Service Representative","202 Great America Parkway","London","FR","193-940-1905","C1084","","64655"
"1241","Inactive","Intern","EMP1241","Dagmar","Weitman","Dagmar Weitman","SHE/HER","1243","2015-07-15","False","Sales","Pharma","CC9016","Contoso","Middle East","Vice President","101 Woodgrove Way","Munich","DE","345-789-1234","P2301","ALK34","32924"
"1528","Inactive","Intern","EMP1528","Clementine","Marcellus","Clementine Marcellus","THEY/THEM","1735","2022-03-21","False","Manufacturing","Garments","CC2001","Woodgrove","North America","Director","698 Menlo Rd","San Francisco","IN","150-150-1586","Y1083","","52634"
"1475","Inactive","Intern","EMP1475","Reeba","Gwenore","Reeba Gwenore","SHE/HER","1277","2010-08-29","True","Product Engineering","Pharma","CC3035","Fabrikam","Asia Pacific","Business Analyst","101 Woodgrove Way","London","UK","345-789-1234","P2301","","24764"
"1064","Active","Intern","EMP1064","Kathi","Bergman","Kathi Bergman","THEY/THEM","1234","2018-01-28","False","Product Marketing","Media","CC5081","Contoso","Asia Pacific","Project Manager","202 Great America Parkway","Frankfurt","DE","259-915-1098","P2301","ALK34","22370"
"1686","Active","Intern","EMP1686","Cyb","Tamar","Cyb Tamar","THEY/THEM","1888","2010-10-18","False","Sales","Garments","CC2001","Woodgrove","Asia Pacific","Sales Executive","202 Great America Parkway","London","DE","789-093-2560","Y1083","","84490"
"1685","Active","Intern","EMP1685","Dari","Stefa","Dari Stefa","THEY/THEM","1167","2022-04-21","True","Manufacturing","Garments","CC5081","Contoso","Europe","Sales Executive","","Frankfurt","UK","937-903-9108","Y1083","GIQ23","57419"
"1086","Inactive","Intern","EMP1086","Georgetta","Girardo","Georgetta Girardo","HE/HIM","1103","2014-09-11","True","Human Resources","Food","CC4830","Contoso","Middle East","Vice President","698 Menlo Rd","Chicago","IN","451-190-0893","C1084","GUD01","78355"
"1376","Inactive","Intern","EMP1376","Sibella","Pierette","Sibella Pierette","HE/HIM","1021","2017-08-05","False","Human Resources","Garments","CC1005","Woodgrove","Asia Pacific","Software Developer","101 Woodgrove Way","Frankfurt","IN","150-150-1586","Y1083","GUD01","58968"
"1853","Inactive","Intern","EMP1853","Bertine","Delp","Bertine Delp","HE/HIM","1509","2015-02-17","True","Product Engineering","Pharma","CC5081","Fabrikam","Europe","Accountant","101 Woodgrove Way","Frankfurt","UK","789-093-2560","C1084","","69680"
"1132","Inactive","Intern","EMP1132","Lynea","Raama","Lynea Raama","HE/HIM","1515","2014-10-25","False","Sales","Pharma","CC5081","Woodgrove","Asia Pacific","Vice President","303 Mansion Ct","San Francisco","US","193-940-1905","T1001","GUD01","40185"
"1035","Inactive","Intern","EMP1035","Linzy","Dominy","Linzy Dominy","THEY/THEM","1475","2014-01-26","True","Product Engineering","Garments","CC4830","Contoso","Middle East","Accountant","202 Great America Parkway","Frankfurt","FR","937-903-9108","T1001","GIQ23","77340"
"1204","Inactive","Intern","EMP1204","Josephine","Kermit","Josephine Kermit","HE/HIM","1737","2014-12-16","False","Manufacturing","Garments","CC2001","Contoso","Europe","Accountant","202 Great America Parkway","San Francisco","FR","259-915-1098","Y1083","","46362"
"1869","Inactive","Intern","EMP1869","Leeanne","Stav","Leeanne Stav","HE/HIM","1979","2022-07-04","True","Human Resources","Food","CC9016","Fabrikam","Middle East","Sales Executive","404 Legacy Dr","Frankfurt","US","345-789-1234","Y1083","BTK39","43299"
"1566","Inactive","Intern","EMP1566","Evita","Rona","Evita Rona","SHE/HER","1546","2017-12-19","True","Product Engineering","Pharma","CC7018","Fabrikam","Europe","Software Developer","698 Menlo Rd","Chicago","IN","345-789-1234","Y1083","BTK39","67579"
"1687","Active","Intern","EMP1687","Jordan","Read","Jordan Read","SHE/HER","1316","2019-07-13","False","Finance","Pharma","CC2001","Fabrikam","Asia Pacific","Engineering Manager","698 Menlo Rd","London","FR","150-150-1586","Y1083","GIQ23","21732"
"1982","Inactive","Intern","EMP1982","Genevra","Gwenore","Genevra Gwenore","SHE/HER","1353","2022-06-02","True","Product Marketing","Pharma","CC1005","Woodgrove","Asia Pacific","Engineering Manager","202 Great America Parkway","Mumbai","US","345-789-1234","P2301","BTK39","23585"
"1480","Inactive","Intern","EMP1480","Etta","Peg","Etta Peg","THEY/THEM","1867","2010-04-04","True","Product Marketing","Food","CC9016","Fabrikam","Asia Pacific","Vice President","303 Mansion Ct","Munich","DE","193-940-1905","C1084","","69897"
"1108","Inactive","Intern","EMP1108","Adore","Barrus","Adore Barrus","SHE/HER","1007","2013-01-10","False","Human Resources","Garments","CC9016","Fabrikam","Middle East","Accountant","","London","UK","150-150-1586","Y1083","ALK34","54985"
"1667","Inactive","Intern","EMP1667","Susette","Boehike","Susette Boehike","THEY/THEM","1758","2021-07-19","True","Manufacturing","Electronics","CC7018","Fabrikam","Asia Pacific","Customer Service Representative","202 Great America Parkway","Munich","US","345-789-1234","P2301","ALK34","19642"
"1548","Active","Intern","EMP1548","Addia","Linehan","Addia Linehan","THEY/THEM","1777","2022-02-11","False","Product Engineering","Pharma","CC7018","Woodgrove","Middle East","Customer Service Representative","101 Woodgrove Way","Chicago","FR","451-190-0893","Y1083","GUD01","41795"
"1052","Inactive","Intern","EMP1052","Malina","Vivle","Malina Vivle","THEY/THEM","1123","2010-07-15","True","Product Engineering","Electronics","CC9016","Fabrikam","Europe","Customer Service Representative","698 Menlo Rd","Munich","UK","193-940-1905","C1084","","64970"
"1108","Active","Intern","EMP1108","Stevana","Sammons","Stevana Sammons","HE/HIM","1340","2014-05-18","False","Sales","Pharma","CC9016","Contoso","Asia Pacific","Project Manager","698 Menlo Rd","Mumbai","FR","937-903-9108","T1001","GIQ23","82387"
"1246","Inactive","Intern","EMP1246","Magdalena","Azeria","Magdalena Azeria","HE/HIM","1439","2014-09-20","False","Sales","Garments","CC7018","Woodgrove","Middle East","Project Manager","404 Legacy Dr","Paris","IN","451-190-0893","T1001","BTK39","48173"
"1305","Active","Intern","EMP1305","Linet","Atonsah","Linet Atonsah","THEY/THEM","1464","2015-01-21","False","Sales","Media","CC1005","Woodgrove","Asia Pacific","Project Manager","202 Great America Parkway","Munich","US","259-915-1098","C1084","GUD01","46348"
"1188","Active","Intern","EMP1188","Halette","Thilda","Halette Thilda","HE/HIM","1082","2017-01-20","False","Manufacturing","Media","CC2001","Woodgrove","Europe","Software Developer","202 Great America Parkway","Munich","FR","345-789-1234","Y1083","ALK34","41328"
"1336","Active","Intern","EMP1336","Aurelie","Urania","Aurelie Urania","SHE/HER","1189","2010-06-23","True","Finance","Media","CC7018","Contoso","Middle East","Customer Service Representative","698 Menlo Rd","Munich","US","193-940-1905","Y1083","ALK34","56783"
"1624","Inactive","Intern","EMP1624","Elvira","Stilwell","Elvira Stilwell","HE/HIM","1665","2016-06-21","True","Product Engineering","Garments","CC5081","Fabrikam","Europe","Software Developer","303 Mansion Ct","San Francisco","UK","150-150-1586","Y1083","ALK34","52589"
"1415","Active","Intern","EMP1415","Carolina","Rustice","Carolina Rustice","HE/HIM","1723","2019-09-17","False","Finance","Electronics","CC7018","Fabrikam","Europe","Program Manager","404 Legacy Dr","San Francisco","FR","937-903-9108","P2301","GUD01","29737"
"1741","Inactive","Intern","EMP1741","Merle","Blake","Merle Blake","THEY/THEM","1627","2017-05-23","True","Human Resources","Media","CC5081","Fabrikam","Asia Pacific","Director","101 Woodgrove Way","London","DE","150-150-1586","C1084","ALK34","10548"
"1908","Inactive","Intern","EMP1908","Elka","Garek","Elka Garek","THEY/THEM","1373","2010-11-01","False","Sales","Food","CC1005","Fabrikam","Asia Pacific","Accountant","404 Legacy Dr","Chicago","US","150-150-1586","T1001","ALK34","87742"
"1477","Active","Intern","EMP1477","Alejandra","Grosz","Alejandra Grosz","THEY/THEM","1291","2021-04-01","False","Manufacturing","Food","CC2001","Woodgrove","Asia Pacific","Customer Service Representative","202 Great America Parkway","San Francisco","DE","150-150-1586","Y1083","GUD01","49547"
"1402","Inactive","Intern","EMP1402","Nonnah","Bahr","Nonnah Bahr","THEY/THEM","1327","2019-01-01","False","Product Marketing","Pharma","CC5081","Fabrikam","Middle East","Engineering Manager","","San Francisco","DE","789-093-2560","P2301","ALK34","43566"
"1621","Inactive","Intern","EMP1621","Shaylyn","Neils","Shaylyn Neils","SHE/HER","1179","2010-01-06","True","Human Resources","Food","CC5081","Fabrikam","Europe","Accountant","303 Mansion Ct","Chicago","FR","345-789-1234","C1084","ALK34","65959"
"1104","Inactive","Intern","EMP1104","Clarice","Viddah","Clarice Viddah","THEY/THEM","1679","2011-06-02","False","Product Marketing","Media","CC7018","Woodgrove","Middle East","Accountant","","Munich","FR","259-915-1098","P2301","","57849"
"1562","Inactive","Intern","EMP1562","Lucy","Wooster","Lucy Wooster","HE/HIM","1238","2011-05-05","False","Product Engineering","Electronics","CC2001","Fabrikam","Middle East","Business Analyst","698 Menlo Rd","San Francisco","DE","937-903-9108","P2301","","81530"
"1646","Active","Intern","EMP1646","Nananne","Halsey","Nananne Halsey","SHE/HER","1195","2022-07-11","True","Product Marketing","Garments","CC4830","Woodgrove","Europe","Director","101 Woodgrove Way","Frankfurt","FR","193-940-1905","T1001","GUD01","87411"
"1550","Active","Intern","EMP1550","Cecile","Cordi","Cecile Cordi","THEY/THEM","1084","2021-02-11","True","Product Engineering","Garments","CC2001","Woodgrove","North America","Business Analyst","303 Mansion Ct","San Francisco","FR","937-903-9108","C1084","GIQ23","32065"
"1983","Inactive","Intern","EMP1983","Tamqrah","Himelman","Tamqrah Himelman","THEY/THEM","1997","2017-08-03","True","Manufacturing","Media","CC4830","Woodgrove","Middle East","Software Developer","202 Great America Parkway","Chicago","FR","259-915-1098","C1084","ALK34","16197"
"1434","Inactive","Intern","EMP1434","Vanessa","Nelsen","Vanessa Nelsen","SHE/HER","1533","2021-03-11","True","Human Resources","Garments","CC3035","Fabrikam","Middle East","Program Manager","404 Legacy Dr","Paris","UK","345-789-1234","P2301","","14806"
"1378","Inactive","Intern","EMP1378","Lesly","Janith","Lesly Janith","THEY/THEM","1154","2021-06-13","False","Human Resources","Garments","CC4830","Contoso","Asia Pacific","Vice President","101 Woodgrove Way","Chicago","DE","193-940-1905","C1084","GUD01","48344"
"1310","Active","Intern","EMP1310","Ann-Marie","Goode","Ann-Marie Goode","THEY/THEM","1942","2021-11-27","True","Human Resources","Media","CC1005","Woodgrove","Middle East","Vice President","303 Mansion Ct","San Francisco","DE","259-915-1098","C1084","GUD01","10214"
"1541","Active","Intern","EMP1541","Rubie","Byrne","Rubie Byrne","SHE/HER","1359","2015-07-19","False","Human Resources","Electronics","CC3035","Fabrikam","Europe","Customer Service Representative","101 Woodgrove Way","Chicago","FR","259-915-1098","Y1083","GIQ23","24351"
"1651","Active","Intern","EMP1651","Sharlene","Kendrick","Sharlene Kendrick","SHE/HER","1875","2021-11-17","False","Manufacturing","Food","CC2001","Contoso","Middle East","Accountant","303 Mansion Ct","Chicago","UK","789-093-2560","Y1083","BTK39","63902"
"1507","Active","Intern","EMP1507","Olivette","Morgun","Olivette Morgun","SHE/HER","1308","2022-05-15","True","Product Engineering","Garments","CC2001","Woodgrove","Asia Pacific","Project Manager","","Chicago","UK","193-940-1905","C1084","ALK34","30191"
"1400","Inactive","Intern","EMP1400","Chrystel","Si","Chrystel Si","HE/HIM","1592","2015-12-22","False","Product Engineering","Garments","CC3035","Woodgrove","Middle East","Accountant","","Mumbai","FR","937-903-9108","C1084","ALK34","19152"
"1453","Inactive","Intern","EMP1453","Fanchon","Emanuel","Fanchon Emanuel","THEY/THEM","1150","2010-12-01","True","Finance","Electronics","CC4830","Contoso","Europe","Program Manager","698 Menlo Rd","San Francisco","US","451-190-0893","P2301","BTK39","84691"
"1731","Inactive","Intern","EMP1731","Lila","Deegan","Lila Deegan","THEY/THEM","1110","2011-02-21","False","Product Engineering","Garments","CC9016","Fabrikam","Middle East","Business Analyst","202 Great America Parkway","San Francisco","US","937-903-9108","P2301","GUD01","69620"
"1151","Active","Intern","EMP1151","Delilah","Mallon","Delilah Mallon","THEY/THEM","1354","2021-06-30","False","Product Engineering","Media","CC1005","Fabrikam","North America","Customer Service Representative","404 Legacy Dr","San Francisco","IN","451-190-0893","Y1083","","64668"
"1853","Inactive","Intern","EMP1853","Bibby","Sophronia","Bibby Sophronia","HE/HIM","1637","2011-06-22","True","Product Marketing","Garments","CC2001","Fabrikam","North America","Sales Executive","698 Menlo Rd","Paris","US","789-093-2560","T1001","GIQ23","86617"
"1528","Inactive","Intern","EMP1528","Codie","Eliathas","Codie Eliathas","HE/HIM","1223","2013-05-27","True","Product Marketing","Pharma","CC9016","Woodgrove","Europe","Sales Executive","101 Woodgrove Way","Mumbai","FR","150-150-1586","C1084","ALK34","70016"
"1643","Inactive","Intern","EMP1643","Marleah","Mintz","Marleah Mintz","THEY/THEM","1211","2010-12-08","False","Sales","Media","CC9016","Woodgrove","Middle East","Project Manager","303 Mansion Ct","Chicago","DE","150-150-1586","C1084","","37816"
"1670","Inactive","Intern","EMP1670","Ezmeralda","Sikorski","Ezmeralda Sikorski","SHE/HER","1151","2020-05-04","False","Manufacturing","Garments","CC2001","Contoso","Asia Pacific","Accountant","101 Woodgrove Way","Paris","DE","789-093-2560","T1001","ALK34","36381"
"1509","Active","Intern","EMP1509","Ardeen","Si","Ardeen Si","SHE/HER","1023","2018-10-03","False","Product Engineering","Pharma","CC1005","Contoso","North America","Vice President","","San Francisco","UK","150-150-1586","Y1083","","59154"
"1276","Inactive","Intern","EMP1276","Joelly","Melony","Joelly Melony","THEY/THEM","1396","2021-03-21","False","Manufacturing","Food","CC4830","Contoso","Asia Pacific","Program Manager","101 Woodgrove Way","Munich","UK","937-903-9108","T1001","GIQ23","15452"
"1390","Inactive","Intern","EMP1390","Stephanie","Phi","Stephanie Phi","THEY/THEM","1561","2011-09-14","True","Product Engineering","Garments","CC7018","Contoso","Asia Pacific","Program Manager","","Frankfurt","UK","150-150-1586","C1084","ALK34","70752"
"1515","Inactive","Intern","EMP1515","Maryellen","Nisbet","Maryellen Nisbet","THEY/THEM","1369","2020-09-29","False","Product Engineering","Electronics","CC1005","Contoso","North America","Vice President","","Frankfurt","FR","937-903-9108","Y1083","","39715"
"1805","Inactive","Intern","EMP1805","Allis","Paton","Allis Paton","SHE/HER","1761","2014-03-07","True","Human Resources","Electronics","CC3035","Contoso","North America","Director","101 Woodgrove Way","San Francisco","FR","937-903-9108","T1001","","46141"
"1609","Inactive","Intern","EMP1609","Moyna","Couture","Moyna Couture","THEY/THEM","1446","2017-05-23","False","Product Marketing","Pharma","CC2001","Fabrikam","North America","Sales Executive","","Frankfurt","FR","259-915-1098","Y1083","GIQ23","59933"
"1743","Active","Intern","EMP1743","Therine","Colbert","Therine Colbert","SHE/HER","1162","2013-09-17","True","Manufacturing","Food","CC3035","Contoso","Asia Pacific","Project Manager","303 Mansion Ct","Chicago","UK","789-093-2560","Y1083","BTK39","25404"
"1567","Inactive","Intern","EMP1567","Shandie","Joseph","Shandie Joseph","SHE/HER","1722","2017-07-06","True","Manufacturing","Electronics","CC9016","Woodgrove","Middle East","Project Manager","303 Mansion Ct","San Francisco","IN","150-150-1586","T1001","GIQ23","35094"
"1159","Inactive","Intern","EMP1159","Leona","Lamoree","Leona Lamoree","SHE/HER","1341","2019-11-14","False","Sales","Pharma","CC1005","Contoso","Middle East","Software Developer","303 Mansion Ct","Munich","US","451-190-0893","C1084","GIQ23","72699"
"1994","Inactive","Intern","EMP1994","Tamqrah","Bari","Tamqrah Bari","THEY/THEM","1915","2019-10-14","False","Product Marketing","Pharma","CC5081","Contoso","Asia Pacific","Engineering Manager","","Mumbai","IN","789-093-2560","C1084","GIQ23","65118"
"1441","Active","Intern","EMP1441","Nataline","Newell","Nataline Newell","HE/HIM","1034","2014-09-27","True","Sales","Food","CC5081","Contoso","Middle East","Business Analyst","","San Francisco","IN","193-940-1905","Y1083","BTK39","57992"
"1528","Active","Intern","EMP1528","Rosene","Aurelio","Rosene Aurelio","SHE/HER","1129","2010-10-06","False","Product Marketing","Garments","CC3035","Contoso","Asia Pacific","Director","303 Mansion Ct","Chicago","FR","259-915-1098","C1084","GUD01","43522"
"1563","Inactive","Intern","EMP1563","Leontine","Adalbert","Leontine Adalbert","SHE/HER","1553","2012-06-24","False","Human Resources","Food","CC2001","Contoso","Middle East","Software Developer","202 Great America Parkway","Munich","DE","259-915-1098","T1001","GUD01","77940"
"1295","Active","Intern","EMP1295","Claresta","Ludewig","Claresta Ludewig","HE/HIM","1323","2014-02-01","True","Finance","Pharma","CC3035","Fabrikam","Middle East","Accountant","404 Legacy Dr","London","DE","345-789-1234","P2301","","36781"
"1231","Active","Intern","EMP1231","Lacie","Salvidor","Lacie Salvidor","HE/HIM","1520","2021-11-19","False","Sales","Electronics","CC2001","Contoso","Middle East","Vice President","","Paris","US","345-789-1234","Y1083","","46435"
"1286","Active","Intern","EMP1286","Amalie","Bandeen","Amalie Bandeen","THEY/THEM","1052","2018-02-21","True","Product Engineering","Electronics","CC1005","Woodgrove","Europe","Sales Executive","202 Great America Parkway","Chicago","IN","937-903-9108","C1084","","80322"
"1228","Inactive","Intern","EMP1228","Chastity","Lane","Chastity Lane","THEY/THEM","1854","2011-11-28","True","Product Engineering","Pharma","CC9016","Contoso","Europe","Project Manager","404 Legacy Dr","London","IN","193-940-1905","P2301","GIQ23","53856"
"1033","Active","Intern","EMP1033","Mariann","Helve","Mariann Helve","HE/HIM","1136","2011-08-24","True","Product Engineering","Pharma","CC3035","Contoso","Asia Pacific","Director","101 Woodgrove Way","San Francisco","UK","451-190-0893","P2301","GUD01","79207"
"1222","Active","Intern","EMP1222","Gaylene","Carbo","Gaylene Carbo","SHE/HER","1195","2016-04-02","False","Finance","Food","CC7018","Woodgrove","Middle East","Engineering Manager","698 Menlo Rd","San Francisco","IN","451-190-0893","T1001","","49629"
"1037","Inactive","Intern","EMP1037","Tarra","Thomasina","Tarra Thomasina","HE/HIM","1732","2021-01-23","True","Human Resources","Media","CC1005","Woodgrove","North America","Program Manager","","San Francisco","FR","937-903-9108","Y1083","","19579"
"1044","Inactive","Intern","EMP1044","Hettie","Leopold","Hettie Leopold","THEY/THEM","1448","2010-12-07","False","Finance","Media","CC2001","Fabrikam","North America","Vice President","101 Woodgrove Way","London","US","345-789-1234","C1084","","56097"
"1981","Active","Intern","EMP1981","Tori","Riva","Tori Riva","THEY/THEM","1524","2018-02-18","False","Product Engineering","Food","CC9016","Contoso","Middle East","Customer Service Representative","404 Legacy Dr","Munich","FR","193-940-1905","Y1083","BTK39","62473"
"1238","Inactive","Intern","EMP1238","Melanie","Concha","Melanie Concha","SHE/HER","1688","2010-03-13","False","Human Resources","Electronics","CC7018","Woodgrove","Europe","Project Manager","","Frankfurt","DE","150-150-1586","C1084","GIQ23","19258"
"1730","Active","Intern","EMP1730","Thalia","Lutero","Thalia Lutero","THEY/THEM","1963","2020-12-31","False","Product Marketing","Pharma","CC2001","Contoso","Asia Pacific","Program Manager","202 Great America Parkway","Mumbai","IN","259-915-1098","Y1083","ALK34","43369"
"1226","Inactive","Intern","EMP1226","Quintina","Japeth","Quintina Japeth","SHE/HER","1168","2020-07-10","True","Product Engineering","Garments","CC7018","Woodgrove","Europe","Director","202 Great America Parkway","San Francisco","US","789-093-2560","C1084","GUD01","43592"
"1558","Inactive","Intern","EMP1558","Rivalee","Abram","Rivalee Abram","THEY/THEM","1889","2020-10-11","True","Finance","Pharma","CC4830","Fabrikam","Europe","Software Developer","404 Legacy Dr","San Francisco","DE","150-150-1586","P2301","ALK34","65980"
"1101","Active","Intern","EMP1101","Celene","Loleta","Celene Loleta","SHE/HER","1094","2022-01-02","False","Sales","Pharma","CC5081","Fabrikam","Europe","Project Manager","404 Legacy Dr","Paris","UK","937-903-9108","C1084","GIQ23","73277"
"1482","Inactive","Intern","EMP1482","Selma","Claudine","Selma Claudine","SHE/HER","1577","2010-09-06","True","Product Engineering","Electronics","CC4830","Contoso","Europe","Engineering Manager","101 Woodgrove Way","Munich","DE","150-150-1586","T1001","BTK39","73994"
"1931","Active","Intern","EMP1931","Zsa Zsa","Maroney","Zsa Zsa Maroney","THEY/THEM","1855","2021-05-08","True","Sales","Pharma","CC3035","Fabrikam","Europe","Accountant","303 Mansion Ct","Frankfurt","FR","937-903-9108","C1084","","43241"
"1088","Inactive","Intern","EMP1088","Kathy","Bettine","Kathy Bettine","SHE/HER","1664","2020-11-17","False","Human Resources","Electronics","CC7018","Woodgrove","Middle East","Accountant","","Paris","US","193-940-1905","P2301","","47536"
"1655","Inactive","Intern","EMP1655","Linzy","Gunn","Linzy Gunn","SHE/HER","1008","2014-11-03","False","Sales","Pharma","CC3035","Woodgrove","Asia Pacific","Director","404 Legacy Dr","Frankfurt","UK","259-915-1098","T1001","GIQ23","74379"
"1884","Active","Intern","EMP1884","Melina","Corabella","Melina Corabella","SHE/HER","1190","2020-10-11","False","Product Marketing","Pharma","CC2001","Contoso","North America","Business Analyst","698 Menlo Rd","Mumbai","UK","259-915-1098","T1001","GIQ23","63241"
"1986","Inactive","Intern","EMP1986","Lorne","Belanger","Lorne Belanger","SHE/HER","1838","2022-03-17","False","Manufacturing","Garments","CC4830","Fabrikam","Europe","Vice President","698 Menlo Rd","Munich","UK","937-903-9108","Y1083","ALK34","83677"
"1520","Active","Intern","EMP1520","Nikki","Medrek","Nikki Medrek","THEY/THEM","1458","2010-11-30","False","Sales","Media","CC1005","Contoso","Asia Pacific","Director","303 Mansion Ct","Frankfurt","UK","150-150-1586","P2301","GUD01","46030"
"1805","Active","Intern","EMP1805","Jan","Judye","Jan Judye","THEY/THEM","1611","2012-07-26","True","Manufacturing","Media","CC3035","Contoso","Middle East","Program Manager","","Paris","UK","937-903-9108","T1001","GIQ23","11432"
"1202","Active","Intern","EMP1202","Dorene","Denis","Dorene Denis","HE/HIM","1916","2017-05-10","False","Sales","Pharma","CC3035","Contoso","North America","Business Analyst","202 Great America Parkway","Mumbai","FR","451-190-0893","T1001","","67985"
"1812","Inactive","Intern","EMP1812","Philis","Atcliffe","Philis Atcliffe","THEY/THEM","1737","2017-04-03","True","Finance","Electronics","CC4830","Fabrikam","Middle East","Program Manager","","Frankfurt","FR","451-190-0893","T1001","BTK39","11860"
"1757","Active","Intern","EMP1757","Melina","Lesley","Melina Lesley","HE/HIM","1232","2014-09-18","False","Human Resources","Garments","CC3035","Contoso","Asia Pacific","Business Analyst","101 Woodgrove Way","Chicago","UK","150-150-1586","P2301","GUD01","35287"
"1680","Inactive","Intern","EMP1680","Mildrid","Maisey","Mildrid Maisey","THEY/THEM","1333","2017-10-23","True","Product Engineering","Electronics","CC3035","Woodgrove","Asia Pacific","Director","303 Mansion Ct","Paris","FR","937-903-9108","T1001","ALK34","23404"
"1240","Active","Intern","EMP1240","Reeba","Carri","Reeba Carri","THEY/THEM","1865","2011-03-30","False","Product Engineering","Pharma","CC4830","Woodgrove","North America","Sales Executive","698 Menlo Rd","Paris","DE","150-150-1586","Y1083","BTK39","27153"
"1396","Active","Intern","EMP1396","Olivette","Nicoline","Olivette Nicoline","SHE/HER","1631","2013-02-14","False","Product Engineering","Media","CC2001","Contoso","Middle East","Project Manager","","Munich","DE","150-150-1586","P2301","","29575"
"1966","Active","Intern","EMP1966","Bettine","Dearborn","Bettine Dearborn","HE/HIM","1829","2019-01-27","False","Sales","Food","CC9016","Contoso","Asia Pacific","Vice President","698 Menlo Rd","Chicago","US","789-093-2560","C1084","GIQ23","37413"
"1557","Inactive","Intern","EMP1557","Lita","Fry","Lita Fry","HE/HIM","1978","2014-10-01","False","Product Marketing","Electronics","CC3035","Woodgrove","Europe","Program Manager","101 Woodgrove Way","Frankfurt","UK","150-150-1586","T1001","ALK34","20312"
"1913","Active","Intern","EMP1913","Karena","Haymes","Karena Haymes","THEY/THEM","1062","2014-10-11","True","Human Resources","Media","CC2001","Woodgrove","Asia Pacific","Accountant","404 Legacy Dr","San Francisco","IN","259-915-1098","Y1083","GUD01","43145"
"1919","Active","Intern","EMP1919","Gratia","Jalbert","Gratia Jalbert","SHE/HER","1942","2012-02-13","False","Manufacturing","Garments","CC5081","Fabrikam","North America","Program Manager","101 Woodgrove Way","Frankfurt","US","937-903-9108","P2301","BTK39","71612"
"1318","Inactive","Intern","EMP1318","Cristine","Travax","Cristine Travax","THEY/THEM","1236","2018-02-19","True","Manufacturing","Electronics","CC1005","Fabrikam","Middle East","Sales Executive","303 Mansion Ct","Frankfurt","IN","789-093-2560","T1001","ALK34","68079"
"1799","Inactive","Intern","EMP1799","Ronna","Stacy","Ronna Stacy","THEY/THEM","1203","2019-02-03","False","Sales","Media","CC9016","Contoso","North America","Program Manager","698 Menlo Rd","Frankfurt","DE","345-789-1234","C1084","GIQ23","88419"
"1647","Inactive","Intern","EMP1647","Sonni","Elsinore","Sonni Elsinore","SHE/HER","1446","2011-05-14","True","Sales","Garments","CC1005","Woodgrove","Europe","Business Analyst","202 Great America Parkway","San Francisco","US","345-789-1234","Y1083","GIQ23","23086"
"1820","Inactive","Intern","EMP1820","Fernande","Sophronia","Fernande Sophronia","SHE/HER","1739","2021-12-10","False","Human Resources","Garments","CC1005","Fabrikam","Europe","Project Manager","404 Legacy Dr","San Francisco","DE","259-915-1098","T1001","GUD01","67233"
"1582","Inactive","Intern","EMP1582","Claudina","Arvo","Claudina Arvo","HE/HIM","1425","2020-09-08","False","Human Resources","Electronics","CC2001","Contoso","Asia Pacific","Director","303 Mansion Ct","Munich","US","193-940-1905","P2301","ALK34","68011"
"1597","Active","Intern","EMP1597","Gabriellia","Isidore","Gabriellia Isidore","HE/HIM","1398","2017-02-05","False","Human Resources","Media","CC7018","Contoso","Middle East","Customer Service Representative","404 Legacy Dr","Chicago","FR","150-150-1586","T1001","GIQ23","73968"
"1022","Active","Intern","EMP1022","Tierney","Carri","Tierney Carri","HE/HIM","1034","2011-01-11","True","Finance","Electronics","CC4830","Contoso","Middle East","Software Developer","101 Woodgrove Way","Munich","US","193-940-1905","P2301","ALK34","89413"
"1552","Active","Intern","EMP1552","Desirae","Posner","Desirae Posner","SHE/HER","1003","2012-06-02","False","Finance","Food","CC9016","Woodgrove","North America","Engineering Manager","","Mumbai","UK","345-789-1234","Y1083","ALK34","40725"
"1222","Inactive","Intern","EMP1222","Mamie","Colyer","Mamie Colyer","HE/HIM","1664","2014-12-26","False","Product Engineering","Electronics","CC3035","Contoso","North America","Sales Executive","698 Menlo Rd","Frankfurt","US","451-190-0893","P2301","BTK39","50045"
"1698","Inactive","Intern","EMP1698","Darlleen","Ummersen","Darlleen Ummersen","SHE/HER","1052","2012-02-08","True","Manufacturing","Food","CC5081","Woodgrove","Asia Pacific","Vice President","101 Woodgrove Way","San Francisco","UK","451-190-0893","T1001","GUD01","75518"
"1291","Active","Intern","EMP1291","Madelle","Creamer","Madelle Creamer","HE/HIM","1618","2015-10-07","False","Manufacturing","Garments","CC9016","Contoso","Asia Pacific","Software Developer","101 Woodgrove Way","San Francisco","US","345-789-1234","P2301","","68025"
"1690","Active","Intern","EMP1690","Tonia","Madaih","Tonia Madaih","HE/HIM","1998","2015-01-31","True","Sales","Media","CC1005","Woodgrove","Asia Pacific","Director","698 Menlo Rd","Frankfurt","DE","789-093-2560","Y1083","GIQ23","15006"
"1666","Active","Intern","EMP1666","Paola","Hylan","Paola Hylan","THEY/THEM","1705","2012-06-29","False","Product Engineering","Pharma","CC1005","Fabrikam","Europe","Vice President","202 Great America Parkway","Chicago","FR","789-093-2560","P2301","ALK34","51462"
"1822","Active","Intern","EMP1822","Layla","Truc","Layla Truc","SHE/HER","1329","2013-10-22","True","Sales","Garments","CC3035","Fabrikam","Europe","Engineering Manager","303 Mansion Ct","San Francisco","UK","789-093-2560","P2301","BTK39","87102"
"1208","Active","Intern","EMP1208","Gratia","Shuler","Gratia Shuler","SHE/HER","1000","2010-10-14","False","Product Engineering","Food","CC3035","Fabrikam","Asia Pacific","Customer Service Representative","101 Woodgrove Way","San Francisco","UK","193-940-1905","P2301","GIQ23","87210"
"1181","Active","Intern","EMP1181","Pamella","Hedve","Pamella Hedve","SHE/HER","1614","2019-10-03","True","Sales","Media","CC4830","Woodgrove","Asia Pacific","Vice President","101 Woodgrove Way","San Francisco","US","789-093-2560","C1084","GIQ23","53342"
"1072","Active","Intern","EMP1072","Berget","Ajay","Berget Ajay","SHE/HER","1428","2011-10-25","False","Sales","Pharma","CC7018","Contoso","North America","Engineering Manager","404 Legacy Dr","Mumbai","US","451-190-0893","C1084","GUD01","68907"
"1195","Inactive","Intern","EMP1195","Cristabel","Alrich","Cristabel Alrich","THEY/THEM","1863","2014-02-04","True","Product Marketing","Garments","CC1005","Fabrikam","Europe","Director","202 Great America Parkway","Paris","US","150-150-1586","T1001","GIQ23","11835"
"1933","Inactive","Intern","EMP1933","Frank","Gerge","Frank Gerge","HE/HIM","1029","2021-11-27","True","Product Marketing","Pharma","CC5081","Contoso","Middle East","Project Manager","101 Woodgrove Way","Frankfurt","US","937-903-9108","C1084","ALK34","33447"
"1929","Inactive","Intern","EMP1929","Tomasina","Borrell","Tomasina Borrell","SHE/HER","1770","2018-04-20","True","Sales","Garments","CC7018","Woodgrove","Asia Pacific","Sales Executive","202 Great America Parkway","Chicago","US","789-093-2560","C1084","ALK34","13075"
"1274","Active","Intern","EMP1274","Jordan","Seumas","Jordan Seumas","HE/HIM","1940","2011-12-26","False","Manufacturing","Garments","CC9016","Woodgrove","Europe","Business Analyst","101 Woodgrove Way","Mumbai","US","259-915-1098","Y1083","","35790"
"1232","Active","Intern","EMP1232","Andree","Friede","Andree Friede","SHE/HER","1042","2012-08-03","False","Product Marketing","Pharma","CC9016","Woodgrove","Europe","Accountant","101 Woodgrove Way","London","FR","937-903-9108","T1001","BTK39","37671"
"1906","Inactive","Intern","EMP1906","Brynna","Greyson","Brynna Greyson","HE/HIM","1901","2017-12-20","True","Finance","Garments","CC5081","Contoso","Europe","Project Manager","303 Mansion Ct","San Francisco","DE","937-903-9108","P2301","ALK34","76864"
"1867","Active","Intern","EMP1867","Amara","Maxi","Amara Maxi","THEY/THEM","1376","2010-11-22","False","Sales","Media","CC1005","Woodgrove","Asia Pacific","Project Manager","404 Legacy Dr","London","IN","451-190-0893","P2301","","86767"
"1502","Active","Intern","EMP1502","Candi","Gaspard","Candi Gaspard","SHE/HER","1945","2019-04-01","True","Product Marketing","Electronics","CC7018","Contoso","Asia Pacific","Program Manager","","Paris","DE","789-093-2560","Y1083","ALK34","76401"
"1592","Active","Intern","EMP1592","Mara","Scammon","Mara Scammon","HE/HIM","1586","2011-07-09","True","Product Marketing","Garments","CC2001","Fabrikam","Middle East","Sales Executive","698 Menlo Rd","London","IN","789-093-2560","Y1083","GIQ23","13421"
"1893","Active","Intern","EMP1893","Lily","Carbo","Lily Carbo","SHE/HER","1542","2010-12-21","True","Product Engineering","Media","CC4830","Contoso","Asia Pacific","Director","101 Woodgrove Way","Munich","IN","193-940-1905","Y1083","BTK39","34290"
"1621","Active","Intern","EMP1621","Tani","Leffen","Tani Leffen","SHE/HER","1441","2019-04-29","False","Product Marketing","Electronics","CC1005","Woodgrove","Middle East","Director","303 Mansion Ct","San Francisco","DE","345-789-1234","Y1083","GIQ23","81563"
"1823","Inactive","Intern","EMP1823","Hyacinthe","Rustice","Hyacinthe Rustice","HE/HIM","1783","2021-12-31","False","Product Engineering","Garments","CC4830","Contoso","Asia Pacific","Sales Executive","404 Legacy Dr","Mumbai","UK","937-903-9108","C1084","","55563"
"1932","Inactive","Intern","EMP1932","Oona","Sidonius","Oona Sidonius","THEY/THEM","1376","2014-06-25","False","Sales","Pharma","CC5081","Fabrikam","Asia Pacific","Program Manager","698 Menlo Rd","Mumbai","US","451-190-0893","C1084","GIQ23","32528"
"1364","Inactive","Intern","EMP1364","Rori","Vivle","Rori Vivle","THEY/THEM","1605","2017-10-25","False","Human Resources","Electronics","CC4830","Woodgrove","Middle East","Engineering Manager","303 Mansion Ct","Mumbai","US","193-940-1905","Y1083","GIQ23","30501"
"1986","Inactive","Intern","EMP1986","Chloris","Charity","Chloris Charity","SHE/HER","1222","2020-06-15","True","Manufacturing","Media","CC3035","Fabrikam","Europe","Sales Executive","303 Mansion Ct","San Francisco","US","937-903-9108","C1084","GIQ23","74945"
"1226","Inactive","Intern","EMP1226","Charissa","Bari","Charissa Bari","THEY/THEM","1280","2011-05-14","False","Manufacturing","Pharma","CC4830","Fabrikam","Middle East","Sales Executive","101 Woodgrove Way","Paris","US","937-903-9108","P2301","BTK39","44726"
"1047","Inactive","Intern","EMP1047","Dode","Auberbach","Dode Auberbach","SHE/HER","1876","2016-04-21","False","Manufacturing","Garments","CC9016","Woodgrove","Middle East","Customer Service Representative","","Mumbai","US","345-789-1234","P2301","GIQ23","27484"
"1600","Inactive","Intern","EMP1600","Nanete","Cherianne","Nanete Cherianne","HE/HIM","1113","2020-12-20","True","Human Resources","Food","CC3035","Woodgrove","North America","Vice President","404 Legacy Dr","Paris","FR","789-093-2560","T1001","BTK39","86868"
"1235","Active","Intern","EMP1235","Meg","Lail","Meg Lail","HE/HIM","1569","2010-06-02","True","Product Marketing","Food","CC7018","Woodgrove","Middle East","Accountant","202 Great America Parkway","San Francisco","FR","193-940-1905","Y1083","GIQ23","65942"
"1608","Active","Intern","EMP1608","Kylynn","Riva","Kylynn Riva","HE/HIM","1599","2018-08-22","True","Product Engineering","Electronics","CC5081","Fabrikam","Middle East","Vice President","101 Woodgrove Way","San Francisco","FR","345-789-1234","P2301","GUD01","14816"
"1906","Inactive","Intern","EMP1906","Nannie","Cressida","Nannie Cressida","THEY/THEM","1246","2016-09-18","True","Manufacturing","Food","CC7018","Fabrikam","Middle East","Sales Executive","303 Mansion Ct","Mumbai","DE","937-903-9108","T1001","BTK39","66666"
"1054","Inactive","Intern","EMP1054","Lanna","Dunkin","Lanna Dunkin","THEY/THEM","1449","2012-02-03","True","Product Engineering","Food","CC7018","Woodgrove","Europe","Engineering Manager","404 Legacy Dr","Paris","US","150-150-1586","C1084","BTK39","34396"
"1473","Inactive","Intern","EMP1473","Annice","Georas","Annice Georas","THEY/THEM","1282","2017-10-07","False","Product Marketing","Food","CC1005","Woodgrove","Middle East","Director","698 Menlo Rd","Mumbai","FR","150-150-1586","P2301","ALK34","77723"
"1517","Active","Intern","EMP1517","Ericka","Roumell","Ericka Roumell","HE/HIM","1371","2016-06-23","False","Sales","Garments","CC2001","Woodgrove","Asia Pacific","Director","303 Mansion Ct","Frankfurt","UK","150-150-1586","C1084","","76142"
"1799","Active","Intern","EMP1799","Mary","Schenck","Mary Schenck","SHE/HER","1194","2019-10-13","True","Manufacturing","Garments","CC9016","Woodgrove","Asia Pacific","Accountant","101 Woodgrove Way","San Francisco","IN","451-190-0893","C1084","ALK34","75499"
"1889","Inactive","Intern","EMP1889","Shel","Goerke","Shel Goerke","HE/HIM","1881","2020-09-30","True","Manufacturing","Media","CC9016","Woodgrove","Asia Pacific","Director","101 Woodgrove Way","Chicago","IN","937-903-9108","Y1083","GUD01","74932"
"1834","Inactive","Intern","EMP1834","Rosanne","Boehike","Rosanne Boehike","THEY/THEM","1542","2014-10-11","True","Product Marketing","Electronics","CC9016","Contoso","Middle East","Sales Executive","698 Menlo Rd","Paris","UK","150-150-1586","P2301","GIQ23","60217"
"1526","Active","Intern","EMP1526","Wileen","Mallon","Wileen Mallon","SHE/HER","1574","2011-08-01","False","Product Engineering","Media","CC5081","Fabrikam","Middle East","Engineering Manager","","Paris","FR","193-940-1905","C1084","BTK39","55308"
"1731","Inactive","Intern","EMP1731","Shauna","Douglass","Shauna Douglass","HE/HIM","1225","2010-12-13","True","Product Engineering","Garments","CC7018","Woodgrove","Europe","Accountant","202 Great America Parkway","Mumbai","IN","937-903-9108","Y1083","","81158"
"1381","Active","Intern","EMP1381","Brana","Waite","Brana Waite","HE/HIM","1945","2021-02-09","False","Manufacturing","Food","CC5081","Woodgrove","Europe","Engineering Manager","","Mumbai","UK","789-093-2560","Y1083","","88492"
"1354","Active","Intern","EMP1354","Candi","Travax","Candi Travax","SHE/HER","1569","2019-03-30","True","Product Marketing","Electronics","CC5081","Contoso","Europe","Engineering Manager","","Paris","DE","451-190-0893","T1001","GIQ23","72869"
"1701","Inactive","Intern","EMP1701","Alleen","Earlie","Alleen Earlie","SHE/HER","1224","2020-10-18","True","Manufacturing","Media","CC4830","Fabrikam","Europe","Project Manager","698 Menlo Rd","Chicago","US","259-915-1098","T1001","","43450"
"1938","Inactive","Intern","EMP1938","Elka","Brunell","Elka Brunell","THEY/THEM","1515","2017-06-29","False","Product Engineering","Media","CC7018","Fabrikam","Middle East","Accountant","404 Legacy Dr","Chicago","FR","451-190-0893","Y1083","GUD01","73918"
"1807","Inactive","Intern","EMP1807","Noelle","Mehalek","Noelle Mehalek","THEY/THEM","1152","2019-12-31","False","Sales","Electronics","CC4830","Contoso","Asia Pacific","Director","303 Mansion Ct","Mumbai","UK","150-150-1586","T1001","BTK39","42000"
"1043","Active","Intern","EMP1043","Concettina","Carolin","Concettina Carolin","HE/HIM","1644","2013-03-02","False","Product Marketing","Electronics","CC3035","Contoso","Europe","Project Manager","698 Menlo Rd","Mumbai","UK","193-940-1905","T1001","BTK39","40625"
"1515","Inactive","Intern","EMP1515","Luci","Hubert","Luci Hubert","SHE/HER","1798","2022-06-27","True","Sales","Media","CC1005","Woodgrove","North America","Sales Executive","303 Mansion Ct","Mumbai","US","193-940-1905","Y1083","GUD01","64130"
"1360","Inactive","Intern","EMP1360","Frances","Hazlett","Frances Hazlett","SHE/HER","1859","2019-03-31","True","Product Marketing","Media","CC7018","Woodgrove","Middle East","Program Manager","698 Menlo Rd","Frankfurt","UK","259-915-1098","T1001","BTK39","52759"
"1894","Active","Intern","EMP1894","Fanny","Goerke","Fanny Goerke","HE/HIM","1365","2018-02-13","True","Product Engineering","Garments","CC3035","Fabrikam","Europe","Sales Executive","303 Mansion Ct","San Francisco","IN","150-150-1586","Y1083","","45162"
"1865","Inactive","Intern","EMP1865","Emylee","Obed","Emylee Obed","THEY/THEM","1906","2022-03-09","True","Product Engineering","Food","CC9016","Woodgrove","Europe","Business Analyst","101 Woodgrove Way","Munich","IN","345-789-1234","C1084","","51119"
"1791","Inactive","Intern","EMP1791","Maye","Celestine","Maye Celestine","THEY/THEM","1732","2011-02-22","True","Finance","Pharma","CC5081","Woodgrove","Europe","Accountant","","San Francisco","FR","789-093-2560","Y1083","","29053"
"1718","Inactive","Intern","EMP1718","Hayley","Amand","Hayley Amand","SHE/HER","1765","2011-10-30","True","Human Resources","Electronics","CC7018","Woodgrove","Middle East","Project Manager","","London","IN","937-903-9108","T1001","","85737"
"1242","Inactive","Intern","EMP1242","Dorice","Gerge","Dorice Gerge","HE/HIM","1248","2020-12-27","True","Human Resources","Media","CC1005","Woodgrove","Europe","Business Analyst","303 Mansion Ct","London","US","789-093-2560","Y1083","","48308"
"1727","Active","Intern","EMP1727","Sashenka","Glenden","Sashenka Glenden","THEY/THEM","1781","2018-06-10","False","Sales","Electronics","CC4830","Contoso","Europe","Engineering Manager","101 Woodgrove Way","Mumbai","US","193-940-1905","P2301","","37170"
"1129","Inactive","Intern","EMP1129","Paola","Halsey","Paola Halsey","HE/HIM","1010","2016-03-30","False","Finance","Electronics","CC3035","Fabrikam","Asia Pacific","Accountant","","San Francisco","DE","150-150-1586","Y1083","ALK34","53197"
"1940","Active","Intern","EMP1940","Oona","Nea","Oona Nea","HE/HIM","1791","2013-04-17","True","Product Marketing","Pharma","CC5081","Woodgrove","Middle East","Software Developer","698 Menlo Rd","San Francisco","IN","451-190-0893","P2301","GUD01","48669"
"1652","Active","Intern","EMP1652","Wilma","Nunci","Wilma Nunci","THEY/THEM","1498","2017-05-05","False","Product Engineering","Food","CC3035","Contoso","Middle East","Business Analyst","202 Great America Parkway","San Francisco","US","345-789-1234","T1001","BTK39","49482"
"1447","Inactive","Intern","EMP1447","Mady","Merriott","Mady Merriott","THEY/THEM","1483","2010-09-15","True","Finance","Media","CC7018","Woodgrove","Middle East","Sales Executive","303 Mansion Ct","Frankfurt","UK","789-093-2560","Y1083","GIQ23","43720"
"1912","Active","Intern","EMP1912","Tybie","Pernick","Tybie Pernick","SHE/HER","1619","2015-03-20","False","Sales","Media","CC9016","Contoso","Middle East","Customer Service Representative","303 Mansion Ct","San Francisco","FR","193-940-1905","P2301","ALK34","58879"
"1419","Inactive","Intern","EMP1419","Shaylyn","Rosalba","Shaylyn Rosalba","SHE/HER","1746","2022-09-15","False","Product Engineering","Media","CC3035","Fabrikam","Asia Pacific","Customer Service Representative","101 Woodgrove Way","Frankfurt","DE","259-915-1098","C1084","","45279"
"1532","Active","Intern","EMP1532","Alyda","Rugen","Alyda Rugen","THEY/THEM","1907","2017-12-09","True","Human Resources","Food","CC5081","Contoso","Europe","Project Manager","698 Menlo Rd","London","UK","937-903-9108","C1084","","38207"
"1679","Active","Intern","EMP1679","Heddie","Manolo","Heddie Manolo","SHE/HER","1377","2012-12-14","True","Product Engineering","Pharma","CC3035","Contoso","North America","Director","","London","UK","345-789-1234","P2301","ALK34","44990"
"1778","Inactive","Intern","EMP1778","Alex","Morehouse","Alex Morehouse","THEY/THEM","1620","2015-07-13","True","Product Engineering","Pharma","CC9016","Fabrikam","Europe","Project Manager","","Munich","DE","937-903-9108","C1084","GIQ23","82105"
"1935","Inactive","Intern","EMP1935","Theodora","Sancho","Theodora Sancho","HE/HIM","1408","2019-04-23","False","Human Resources","Garments","CC7018","Woodgrove","Middle East","Project Manager","404 Legacy Dr","London","IN","193-940-1905","P2301","GIQ23","35880"
"1767","Inactive","Intern","EMP1767","Cristabel","Halla","Cristabel Halla","THEY/THEM","1489","2015-09-16","True","Product Marketing","Media","CC7018","Contoso","Europe","Director","","San Francisco","DE","789-093-2560","P2301","BTK39","85571"
"1007","Inactive","Intern","EMP1007","Talya","Gillan","Talya Gillan","THEY/THEM","1150","2014-03-02","True","Manufacturing","Electronics","CC4830","Fabrikam","Asia Pacific","Vice President","101 Woodgrove Way","Chicago","IN","937-903-9108","C1084","","38596"
"1674","Inactive","Intern","EMP1674","Dotty","Maples","Dotty Maples","SHE/HER","1303","2017-04-13","False","Human Resources","Media","CC1005","Woodgrove","North America","Customer Service Representative","303 Mansion Ct","London","FR","345-789-1234","T1001","BTK39","53493"
"1157","Active","Intern","EMP1157","Renie","Zitvaa","Renie Zitvaa","THEY/THEM","1260","2014-04-26","False","Product Engineering","Media","CC9016","Fabrikam","Middle East","Customer Service Representative","101 Woodgrove Way","San Francisco","FR","193-940-1905","C1084","ALK34","48193"
"1981","Active","Intern","EMP1981","Paulita","Morehouse","Paulita Morehouse","HE/HIM","1703","2018-02-07","True","Product Engineering","Electronics","CC5081","Woodgrove","Middle East","Customer Service Representative","303 Mansion Ct","San Francisco","IN","193-940-1905","C1084","","23283"
"1741","Inactive","Intern","EMP1741","Queenie","Pond","Queenie Pond","SHE/HER","1317","2022-08-04","True","Human Resources","Garments","CC2001","Contoso","North America","Engineering Manager","101 Woodgrove Way","San Francisco","DE","451-190-0893","T1001","ALK34","16439"
"1927","Active","Intern","EMP1927","Jan","Cookie","Jan Cookie","THEY/THEM","1353","2013-12-17","False","Product Engineering","Media","CC9016","Fabrikam","North America","Accountant","303 Mansion Ct","Mumbai","US","150-150-1586","P2301","ALK34","35351"
"1691","Active","Intern","EMP1691","Jessy","Talia","Jessy Talia","SHE/HER","1745","2020-11-02","True","Product Marketing","Garments","CC4830","Woodgrove","North America","Project Manager","202 Great America Parkway","Munich","US","259-915-1098","Y1083","BTK39","11595"
"1516","Active","Intern","EMP1516","Bobinette","Erlandson","Bobinette Erlandson","SHE/HER","1207","2011-03-19","True","Finance","Electronics","CC3035","Fabrikam","Asia Pacific","Project Manager","101 Woodgrove Way","San Francisco","FR","451-190-0893","T1001","","85717"
"1052","Active","Intern","EMP1052","Tabbatha","Dorine","Tabbatha Dorine","THEY/THEM","1552","2014-09-20","False","Human Resources","Electronics","CC2001","Fabrikam","Asia Pacific","Project Manager","202 Great America Parkway","Mumbai","US","193-940-1905","P2301","ALK34","48428"
"1095","Inactive","Intern","EMP1095","Vonny","Wilkinson","Vonny Wilkinson","THEY/THEM","1058","2019-04-29","True","Finance","Garments","CC2001","Woodgrove","Europe","Project Manager","303 Mansion Ct","Frankfurt","DE","937-903-9108","C1084","ALK34","73081"
"1672","Active","Intern","EMP1672","Elie","Joeann","Elie Joeann","HE/HIM","1645","2019-12-14","True","Finance","Pharma","CC2001","Woodgrove","Europe","Accountant","404 Legacy Dr","Mumbai","UK","345-789-1234","C1084","","47097"
"1151","Active","Intern","EMP1151","Maridel","Meter","Maridel Meter","THEY/THEM","1642","2014-01-06","True","Product Engineering","Food","CC1005","Fabrikam","Asia Pacific","Sales Executive","698 Menlo Rd","Chicago","UK","193-940-1905","P2301","ALK34","17695"
"1686","Active","Intern","EMP1686","Harmonia","Wenoa","Harmonia Wenoa","HE/HIM","1565","2015-07-03","True","Product Marketing","Garments","CC5081","Contoso","Asia Pacific","Vice President","","Mumbai","FR","259-915-1098","T1001","GUD01","63407"
