"WorkerID","WorkerStatus","WorkerType","UserID","FirstName","LastName","FullName","GenderPronoun","ManagerID","HireDate","OnLeave","Department","Division","CostCenter","Company","Location","JobTitle","StreetAddress","City","CountryCode","OfficePhone","Custom01","Custom02","ZipCode"
"1222","Inactive","Contractor","EMP1222","Talya","Fleeta","Talya Fleeta","HE/HIM","1684","2013-01-01","True","Sales","Electronics","CC3035","Woodgrove","Europe","Sales Executive","303 Mansion Ct","Chicago","UK","259-915-1098","T1001","BTK39","85434"
"1727","Inactive","Contractor","EMP1727","Myriam","Durware","Myriam Durware","HE/HIM","1405","2017-03-09","True","Sales","Electronics","CC3035","Woodgrove","Europe","Vice President","","Chicago","DE","259-915-1098","T1001","","53965"
"1823","Inactive","Contractor","EMP1823","Janis","Terencio","Janis Terencio","HE/HIM","1505","2020-03-23","False","Product Engineering","Garments","CC7018","Contoso","Middle East","Engineering Manager","303 Mansion Ct","Mumbai","DE","789-093-2560","P2301","GUD01","13843"
"1479","Active","Contractor","EMP1479","Leontine","Kazimir","Leontine Kazimir","SHE/HER","1280","2011-03-07","False","Product Engineering","Food","CC9016","Fabrikam","Middle East","Accountant","303 Mansion Ct","London","DE","937-903-9108","T1001","BTK39","65009"
"1785","Active","Contractor","EMP1785","Delilah","Hutchison","Delilah Hutchison","THEY/THEM","1702","2021-01-15","False","Human Resources","Media","CC7018","Fabrikam","Middle East","Accountant","303 Mansion Ct","Chicago","DE","451-190-0893","Y1083","GUD01","42629"
"1281","Active","Contractor","EMP1281","Margarette","Valerio","Margarette Valerio","THEY/THEM","1869","2016-10-01","True","Product Marketing","Electronics","CC7018","Woodgrove","North America","Engineering Manager","404 Legacy Dr","Frankfurt","UK","451-190-0893","Y1083","","36169"
"1319","Active","Contractor","EMP1319","Dominga","Soneson","Dominga Soneson","HE/HIM","1706","2020-01-10","True","Manufacturing","Electronics","CC3035","Woodgrove","North America","Program Manager","303 Mansion Ct","San Francisco","UK","789-093-2560","C1084","","35898"
"1326","Active","Contractor","EMP1326","Shaine","Alcott","Shaine Alcott","SHE/HER","1990","2015-03-05","False","Manufacturing","Garments","CC9016","Fabrikam","Europe","Accountant","698 Menlo Rd","Mumbai","US","150-150-1586","P2301","BTK39","84836"
"1792","Active","Contractor","EMP1792","Arlena","Whiffen","Arlena Whiffen","SHE/HER","1826","2021-04-19","False","Finance","Electronics","CC4830","Woodgrove","Asia Pacific","Software Developer","","London","UK","193-940-1905","P2301","BTK39","65463"
"1576","Active","Contractor","EMP1576","Alyda","Tybald","Alyda Tybald","THEY/THEM","1175","2011-11-27","True","Product Engineering","Electronics","CC2001","Fabrikam","Middle East","Project Manager","698 Menlo Rd","Chicago","DE","345-789-1234","Y1083","ALK34","79364"
"1023","Active","Contractor","EMP1023","Althea","Primalia","Althea Primalia","SHE/HER","1247","2016-04-05","False","Manufacturing","Electronics","CC4830","Fabrikam","Asia Pacific","Engineering Manager","202 Great America Parkway","San Francisco","DE","259-915-1098","C1084","BTK39","42690"
"1561","Inactive","Contractor","EMP1561","Cristine","Ferrell","Cristine Ferrell","THEY/THEM","1440","2014-02-28","True","Human Resources","Electronics","CC5081","Contoso","Europe","Vice President","202 Great America Parkway","London","FR","451-190-0893","Y1083","GIQ23","73527"
"1281","Inactive","Contractor","EMP1281","Thalia","Cadmar","Thalia Cadmar","HE/HIM","1762","2020-05-02","False","Manufacturing","Garments","CC3035","Contoso","Middle East","Business Analyst","101 Woodgrove Way","San Francisco","UK","789-093-2560","T1001","GUD01","63724"
"1181","Inactive","Contractor","EMP1181","Christal","Olin","Christal Olin","HE/HIM","1064","2012-03-29","False","Finance","Pharma","CC5081","Contoso","North America","Project Manager","","Paris","FR","193-940-1905","C1084","BTK39","78639"
"1856","Inactive","Contractor","EMP1856","Laure","Sadowski","Laure Sadowski","HE/HIM","1329","2010-08-10","False","Manufacturing","Pharma","CC4830","Woodgrove","Europe","Director","202 Great America Parkway","Munich","DE","345-789-1234","Y1083","GIQ23","68784"
"1131","Inactive","Contractor","EMP1131","Thalia","Kirstin","Thalia Kirstin","HE/HIM","1107","2018-09-14","False","Sales","Electronics","CC5081","Contoso","Middle East","Accountant","202 Great America Parkway","San Francisco","FR","193-940-1905","Y1083","ALK34","23129"
"1963","Inactive","Contractor","EMP1963","Georgetta","Jehu","Georgetta Jehu","THEY/THEM","1938","2017-05-12","False","Finance","Media","CC2001","Contoso","Asia Pacific","Program Manager","303 Mansion Ct","Mumbai","DE","150-150-1586","T1001","GIQ23","36116"
"1830","Active","Contractor","EMP1830","Mallory","Barbey","Mallory Barbey","HE/HIM","1421","2017-12-01","True","Product Engineering","Pharma","CC1005","Contoso","Middle East","Program Manager","202 Great America Parkway","London","DE","259-915-1098","T1001","GIQ23","78443"
"1520","Active","Contractor","EMP1520","Joane","Lytton","Joane Lytton","HE/HIM","1191","2022-07-19","True","Product Engineering","Food","CC9016","Contoso","Europe","Engineering Manager","101 Woodgrove Way","Chicago","UK","451-190-0893","T1001","GIQ23","67410"
"1432","Inactive","Contractor","EMP1432","Leia","Vharat","Leia Vharat","THEY/THEM","1559","2011-01-31","True","Manufacturing","Pharma","CC9016","Fabrikam","Europe","Project Manager","404 Legacy Dr","London","UK","789-093-2560","T1001","ALK34","23820"
"1510","Inactive","Contractor","EMP1510","Harrietta","Paine","Harrietta Paine","SHE/HER","1527","2020-11-04","True","Product Marketing","Media","CC1005","Contoso","Europe","Customer Service Representative","","San Francisco","UK","345-789-1234","T1001","GUD01","75718"
"1934","Active","Contractor","EMP1934","Rivalee","Kesley","Rivalee Kesley","THEY/THEM","1666","2020-06-17","True","Product Marketing","Media","CC9016","Woodgrove","Europe","Sales Executive","404 Legacy Dr","Mumbai","US","789-093-2560","Y1083","","23943"
"1770","Inactive","Contractor","EMP1770","Gabi","Eno","Gabi Eno","HE/HIM","1490","2018-06-24","True","Sales","Food","CC9016","Contoso","Europe","Director","698 Menlo Rd","Frankfurt","DE","259-915-1098","T1001","GIQ23","56017"
"1650","Inactive","Contractor","EMP1650","Sashenka","Alcott","Sashenka Alcott","HE/HIM","1128","2019-01-11","True","Product Marketing","Media","CC2001","Woodgrove","Europe","Engineering Manager","404 Legacy Dr","Munich","US","937-903-9108","C1084","BTK39","51614"
"1251","Inactive","Contractor","EMP1251","Mariele","Hillel","Mariele Hillel","SHE/HER","1646","2012-08-20","False","Manufacturing","Electronics","CC1005","Contoso","North America","Sales Executive","101 Woodgrove Way","London","DE","345-789-1234","P2301","","68514"
"1887","Active","Contractor","EMP1887","Peri","Decato","Peri Decato","HE/HIM","1774","2015-08-15","True","Finance","Pharma","CC9016","Fabrikam","Asia Pacific","Business Analyst","101 Woodgrove Way","San Francisco","DE","789-093-2560","Y1083","GUD01","84541"
"1780","Active","Contractor","EMP1780","Judy","Teryn","Judy Teryn","HE/HIM","1293","2014-09-09","True","Human Resources","Pharma","CC9016","Contoso","North America","Business Analyst","303 Mansion Ct","Munich","FR","345-789-1234","C1084","GIQ23","64868"
"1909","Inactive","Contractor","EMP1909","Renae","Cutlerr","Renae Cutlerr","THEY/THEM","1654","2016-03-10","True","Finance","Media","CC4830","Contoso","Europe","Software Developer","","Chicago","US","193-940-1905","T1001","BTK39","34618"
"1209","Inactive","Contractor","EMP1209","Elka","Martguerita","Elka Martguerita","HE/HIM","1004","2018-08-31","False","Manufacturing","Media","CC2001","Fabrikam","Europe","Software Developer","303 Mansion Ct","San Francisco","DE","345-789-1234","Y1083","ALK34","72302"
"1091","Active","Contractor","EMP1091","Halette","Rebecka","Halette Rebecka","SHE/HER","1439","2014-08-07","True","Human Resources","Media","CC7018","Fabrikam","Asia Pacific","Vice President","","Paris","DE","345-789-1234","C1084","GUD01","73933"
"1090","Active","Contractor","EMP1090","Tybie","Sabella","Tybie Sabella","SHE/HER","1313","2020-10-13","True","Finance","Media","CC4830","Contoso","Europe","Engineering Manager","101 Woodgrove Way","Paris","US","259-915-1098","C1084","ALK34","14254"
"1683","Inactive","Contractor","EMP1683","Misha","Kylander","Misha Kylander","THEY/THEM","1845","2021-07-20","False","Manufacturing","Pharma","CC4830","Contoso","Middle East","Director","303 Mansion Ct","Chicago","IN","259-915-1098","C1084","BTK39","16827"
"1956","Active","Contractor","EMP1956","Frances","Diogenes","Frances Diogenes","THEY/THEM","1585","2021-12-28","False","Manufacturing","Media","CC3035","Woodgrove","Middle East","Vice President","","Mumbai","US","193-940-1905","C1084","","86467"
"1767","Active","Contractor","EMP1767","Yetty","Raseda","Yetty Raseda","SHE/HER","1635","2017-09-26","False","Manufacturing","Pharma","CC2001","Contoso","Asia Pacific","Engineering Manager","404 Legacy Dr","San Francisco","DE","193-940-1905","T1001","GUD01","74469"
"1762","Active","Contractor","EMP1762","Ketti","Bari","Ketti Bari","THEY/THEM","1616","2022-06-27","False","Manufacturing","Garments","CC4830","Fabrikam","Asia Pacific","Engineering Manager","303 Mansion Ct","San Francisco","IN","345-789-1234","P2301","BTK39","58094"
"1874","Inactive","Contractor","EMP1874","Diena","Frodi","Diena Frodi","THEY/THEM","1280","2016-10-14","False","Manufacturing","Electronics","CC2001","Contoso","Asia Pacific","Customer Service Representative","","San Francisco","UK","150-150-1586","C1084","GUD01","75193"
"1189","Inactive","Contractor","EMP1189","Corina","Cavan","Corina Cavan","HE/HIM","1726","2014-05-12","False","Product Engineering","Pharma","CC2001","Contoso","Middle East","Accountant","101 Woodgrove Way","Paris","IN","193-940-1905","P2301","","57842"
"2000","Inactive","Contractor","EMP2000","Meghann","Behre","Meghann Behre","HE/HIM","1298","2016-12-02","True","Finance","Food","CC5081","Fabrikam","Europe","Business Analyst","698 Menlo Rd","Mumbai","IN","937-903-9108","C1084","","51468"
"1110","Active","Contractor","EMP1110","Tami","LaRue","Tami LaRue","SHE/HER","1284","2012-10-02","False","Finance","Pharma","CC2001","Woodgrove","Europe","Engineering Manager","202 Great America Parkway","London","FR","150-150-1586","P2301","ALK34","38186"
"1533","Inactive","Contractor","EMP1533","Elena","Docilla","Elena Docilla","SHE/HER","1564","2017-02-24","False","Human Resources","Food","CC9016","Woodgrove","Middle East","Engineering Manager","202 Great America Parkway","Frankfurt","DE","451-190-0893","Y1083","GUD01","25025"
"1609","Inactive","Contractor","EMP1609","Clementine","Orlene","Clementine Orlene","THEY/THEM","1165","2022-04-03","True","Product Marketing","Garments","CC2001","Woodgrove","Asia Pacific","Accountant","202 Great America Parkway","Paris","UK","259-915-1098","Y1083","","33879"
"1238","Active","Contractor","EMP1238","Joane","Colyer","Joane Colyer","HE/HIM","1093","2019-04-17","True","Human Resources","Media","CC7018","Fabrikam","Asia Pacific","Business Analyst","101 Woodgrove Way","Mumbai","FR","150-150-1586","Y1083","ALK34","35684"
"1526","Inactive","Contractor","EMP1526","Adele","Gillan","Adele Gillan","SHE/HER","1380","2022-08-13","False","Manufacturing","Media","CC9016","Fabrikam","Europe","Vice President","698 Menlo Rd","San Francisco","DE","937-903-9108","P2301","GUD01","69642"
"1418","Active","Contractor","EMP1418","Lily","Donoghue","Lily Donoghue","THEY/THEM","1049","2017-11-15","False","Sales","Garments","CC1005","Contoso","Asia Pacific","Vice President","101 Woodgrove Way","Paris","IN","451-190-0893","C1084","","66386"
"1652","Active","Contractor","EMP1652","Jessy","Center","Jessy Center","HE/HIM","1722","2017-04-09","False","Finance","Media","CC7018","Woodgrove","North America","Vice President","404 Legacy Dr","Chicago","US","150-150-1586","Y1083","ALK34","15424"
"1035","Inactive","Contractor","EMP1035","Rhoda","Dearborn","Rhoda Dearborn","HE/HIM","1881","2013-03-25","True","Product Engineering","Food","CC9016","Fabrikam","Middle East","Engineering Manager","404 Legacy Dr","Chicago","IN","259-915-1098","C1084","ALK34","16733"
"1144","Active","Contractor","EMP1144","Lynnea","Carvey","Lynnea Carvey","HE/HIM","1117","2010-08-04","True","Sales","Food","CC2001","Woodgrove","Asia Pacific","Vice President","","San Francisco","IN","937-903-9108","C1084","","69614"
"1905","Active","Contractor","EMP1905","Fidelia","Khorma","Fidelia Khorma","HE/HIM","1349","2012-04-16","True","Product Marketing","Pharma","CC5081","Woodgrove","Asia Pacific","Customer Service Representative","101 Woodgrove Way","Chicago","DE","150-150-1586","C1084","BTK39","13423"
"1195","Inactive","Contractor","EMP1195","Nananne","Maryanne","Nananne Maryanne","SHE/HER","1838","2016-01-28","False","Manufacturing","Pharma","CC5081","Contoso","Asia Pacific","Program Manager","404 Legacy Dr","London","FR","789-093-2560","P2301","","10823"
"1605","Inactive","Contractor","EMP1605","Heida","Zina","Heida Zina","HE/HIM","1281","2012-10-14","False","Manufacturing","Pharma","CC3035","Contoso","Middle East","Business Analyst","404 Legacy Dr","San Francisco","IN","259-915-1098","C1084","BTK39","59335"
"1278","Active","Contractor","EMP1278","Nonnah","Aida","Nonnah Aida","HE/HIM","1071","2010-06-02","True","Product Engineering","Food","CC2001","Fabrikam","Europe","Accountant","303 Mansion Ct","Chicago","FR","150-150-1586","T1001","","54543"
"1189","Inactive","Contractor","EMP1189","Madalyn","Thunell","Madalyn Thunell","THEY/THEM","1089","2010-07-23","False","Finance","Electronics","CC3035","Fabrikam","Europe","Director","698 Menlo Rd","London","UK","259-915-1098","Y1083","GUD01","49330"
"1873","Inactive","Contractor","EMP1873","Susette","Suk","Susette Suk","SHE/HER","1387","2020-03-22","True","Finance","Food","CC2001","Woodgrove","Europe","Engineering Manager","303 Mansion Ct","Mumbai","US","259-915-1098","Y1083","GIQ23","41596"
"1690","Active","Contractor","EMP1690","Merry","Daveta","Merry Daveta","SHE/HER","1758","2010-10-26","False","Human Resources","Pharma","CC2001","Fabrikam","North America","Customer Service Representative","698 Menlo Rd","San Francisco","US","259-915-1098","T1001","GUD01","25921"
"1804","Active","Contractor","EMP1804","Heida","Ball","Heida Ball","HE/HIM","1769","2012-09-19","True","Sales","Media","CC9016","Woodgrove","Middle East","Engineering Manager","101 Woodgrove Way","London","US","451-190-0893","C1084","BTK39","36114"
"1111","Active","Contractor","EMP1111","Tina","Kylander","Tina Kylander","HE/HIM","1700","2015-07-31","True","Manufacturing","Media","CC9016","Fabrikam","Middle East","Software Developer","101 Woodgrove Way","Mumbai","FR","937-903-9108","P2301","GUD01","17620"
"1195","Active","Contractor","EMP1195","Ottilie","Hanshaw","Ottilie Hanshaw","SHE/HER","1442","2015-03-10","False","Sales","Garments","CC5081","Woodgrove","Asia Pacific","Vice President","404 Legacy Dr","Munich","IN","150-150-1586","T1001","GUD01","81396"
"1719","Active","Contractor","EMP1719","Shaylyn","Nedrud","Shaylyn Nedrud","THEY/THEM","1176","2013-06-04","False","Human Resources","Electronics","CC3035","Contoso","North America","Customer Service Representative","101 Woodgrove Way","Paris","DE","259-915-1098","C1084","BTK39","58710"
"1460","Inactive","Contractor","EMP1460","Beth","Hathaway","Beth Hathaway","THEY/THEM","1729","2015-09-28","True","Product Engineering","Garments","CC9016","Woodgrove","Middle East","Business Analyst","202 Great America Parkway","Paris","UK","259-915-1098","C1084","GIQ23","53676"
"1470","Active","Contractor","EMP1470","Brandise","Naor","Brandise Naor","THEY/THEM","1668","2010-07-13","False","Human Resources","Garments","CC9016","Contoso","Europe","Project Manager","","London","UK","789-093-2560","T1001","GUD01","22884"
"1881","Inactive","Contractor","EMP1881","Patricia","Deny","Patricia Deny","SHE/HER","1683","2016-08-27","False","Sales","Food","CC5081","Contoso","Asia Pacific","Project Manager","404 Legacy Dr","Frankfurt","IN","937-903-9108","C1084","BTK39","30094"
"1984","Active","Contractor","EMP1984","Elora","Chobot","Elora Chobot","HE/HIM","1227","2014-04-07","True","Human Resources","Food","CC9016","Woodgrove","Asia Pacific","Accountant","303 Mansion Ct","Chicago","IN","937-903-9108","C1084","GIQ23","43555"
"1713","Inactive","Contractor","EMP1713","Johna","Alfons","Johna Alfons","HE/HIM","1985","2014-05-08","False","Manufacturing","Food","CC4830","Fabrikam","Middle East","Software Developer","698 Menlo Rd","Mumbai","FR","451-190-0893","Y1083","GIQ23","81314"
"1345","Inactive","Contractor","EMP1345","Leontine","Weinreb","Leontine Weinreb","SHE/HER","1859","2021-06-10","True","Product Marketing","Pharma","CC5081","Fabrikam","Middle East","Vice President","","Mumbai","UK","451-190-0893","Y1083","","24294"
"1688","Active","Contractor","EMP1688","Flo","Lay","Flo Lay","THEY/THEM","1910","2011-05-30","False","Sales","Media","CC1005","Contoso","Middle East","Accountant","101 Woodgrove Way","Mumbai","DE","345-789-1234","P2301","","53171"
"1990","Inactive","Contractor","EMP1990","Mariann","Albertine","Mariann Albertine","SHE/HER","1682","2021-06-14","False","Human Resources","Garments","CC9016","Contoso","North America","Project Manager","404 Legacy Dr","San Francisco","US","259-915-1098","T1001","GIQ23","19861"
"1017","Inactive","Contractor","EMP1017","Annaliese","Bettine","Annaliese Bettine","HE/HIM","1998","2010-02-18","True","Product Marketing","Media","CC1005","Fabrikam","Asia Pacific","Vice President","698 Menlo Rd","Paris","IN","937-903-9108","P2301","BTK39","37235"
"1107","Active","Contractor","EMP1107","Marylou","Peg","Marylou Peg","HE/HIM","1631","2018-04-08","False","Manufacturing","Media","CC2001","Woodgrove","North America","Program Manager","404 Legacy Dr","Paris","FR","150-150-1586","Y1083","ALK34","16281"
"1781","Active","Contractor","EMP1781","Ezmeralda","Glovsky","Ezmeralda Glovsky","HE/HIM","1299","2018-11-10","False","Product Engineering","Garments","CC9016","Woodgrove","North America","Director","404 Legacy Dr","Munich","DE","451-190-0893","P2301","","53672"
"1553","Inactive","Contractor","EMP1553","Carlie","Daegal","Carlie Daegal","THEY/THEM","1843","2020-04-30","True","Manufacturing","Food","CC4830","Contoso","North America","Business Analyst","303 Mansion Ct","Paris","DE","150-150-1586","C1084","GIQ23","13408"
"1315","Active","Contractor","EMP1315","Jessamyn","Virgin","Jessamyn Virgin","HE/HIM","1391","2017-07-10","True","Sales","Electronics","CC2001","Contoso","Europe","Director","404 Legacy Dr","Chicago","UK","345-789-1234","C1084","GUD01","47642"
"1700","Inactive","Contractor","EMP1700","Jorry","Telfer","Jorry Telfer","THEY/THEM","1395","2020-03-20","True","Finance","Pharma","CC1005","Woodgrove","North America","Engineering Manager","202 Great America Parkway","San Francisco","IN","193-940-1905","C1084","","71526"
"1344","Inactive","Contractor","EMP1344","Aili","Milde","Aili Milde","SHE/HER","1345","2013-07-07","False","Product Engineering","Electronics","CC3035","Woodgrove","North America","Accountant","202 Great America Parkway","Munich","DE","451-190-0893","C1084","BTK39","45386"
"1295","Inactive","Contractor","EMP1295","Anallese","Poppy","Anallese Poppy","SHE/HER","1969","2022-06-14","False","Product Engineering","Electronics","CC5081","Contoso","Middle East","Project Manager","303 Mansion Ct","Paris","UK","150-150-1586","Y1083","GIQ23","73527"
"1776","Active","Contractor","EMP1776","Bibby","Estella","Bibby Estella","HE/HIM","1909","2011-06-13","True","Product Marketing","Garments","CC3035","Fabrikam","Middle East","Customer Service Representative","303 Mansion Ct","San Francisco","DE","345-789-1234","C1084","GIQ23","71579"
"1833","Active","Contractor","EMP1833","Alia","Berl","Alia Berl","HE/HIM","1755","2021-02-22","False","Product Engineering","Media","CC5081","Woodgrove","Asia Pacific","Software Developer","202 Great America Parkway","Frankfurt","UK","193-940-1905","P2301","","17694"
"1238","Inactive","Contractor","EMP1238","Minda","Cordi","Minda Cordi","THEY/THEM","1392","2014-08-28","False","Product Marketing","Electronics","CC1005","Contoso","North America","Customer Service Representative","404 Legacy Dr","Chicago","UK","259-915-1098","C1084","","78412"
"1648","Active","Contractor","EMP1648","Rozele","Fabiola","Rozele Fabiola","HE/HIM","1430","2013-03-13","True","Sales","Electronics","CC4830","Contoso","Asia Pacific","Sales Executive","698 Menlo Rd","Munich","FR","193-940-1905","T1001","","72849"
"1915","Active","Contractor","EMP1915","Lorie","Scammon","Lorie Scammon","HE/HIM","1316","2015-08-24","False","Human Resources","Media","CC3035","Fabrikam","Middle East","Director","202 Great America Parkway","Chicago","IN","345-789-1234","Y1083","","86016"
"1081","Active","Contractor","EMP1081","Rosanne","Zamora","Rosanne Zamora","SHE/HER","1960","2014-08-25","True","Finance","Media","CC3035","Woodgrove","North America","Vice President","202 Great America Parkway","Frankfurt","UK","345-789-1234","T1001","GIQ23","55819"
"1041","Active","Contractor","EMP1041","Julieta","Rubie","Julieta Rubie","THEY/THEM","1365","2014-10-14","False","Manufacturing","Electronics","CC9016","Fabrikam","Asia Pacific","Program Manager","698 Menlo Rd","San Francisco","US","193-940-1905","P2301","","26170"
"1860","Active","Contractor","EMP1860","Suzette","Sharl","Suzette Sharl","HE/HIM","1609","2019-11-02","True","Human Resources","Food","CC5081","Fabrikam","Asia Pacific","Program Manager","101 Woodgrove Way","London","FR","259-915-1098","C1084","BTK39","45244"
"1429","Inactive","Contractor","EMP1429","Edith","Fulmer","Edith Fulmer","SHE/HER","1288","2018-08-22","True","Human Resources","Pharma","CC1005","Contoso","Asia Pacific","Project Manager","698 Menlo Rd","Munich","DE","789-093-2560","P2301","GUD01","75024"
"1284","Inactive","Contractor","EMP1284","Rayna","Florina","Rayna Florina","THEY/THEM","1449","2014-06-25","True","Human Resources","Media","CC3035","Contoso","Middle East","Project Manager","698 Menlo Rd","San Francisco","IN","150-150-1586","P2301","BTK39","89359"
"1408","Active","Contractor","EMP1408","Madelle","Nelsen","Madelle Nelsen","HE/HIM","1723","2017-04-04","False","Product Engineering","Garments","CC9016","Contoso","Asia Pacific","Accountant","303 Mansion Ct","Paris","UK","259-915-1098","T1001","BTK39","68256"
"1920","Inactive","Contractor","EMP1920","Berta","Schonfeld","Berta Schonfeld","THEY/THEM","1097","2016-12-10","False","Finance","Media","CC9016","Fabrikam","Asia Pacific","Director","101 Woodgrove Way","San Francisco","UK","345-789-1234","T1001","GIQ23","23512"
"1041","Active","Contractor","EMP1041","Ayn","Trinetta","Ayn Trinetta","HE/HIM","1683","2015-08-05","True","Sales","Media","CC2001","Contoso","Europe","Program Manager","202 Great America Parkway","Frankfurt","US","345-789-1234","T1001","","29960"
"1300","Inactive","Contractor","EMP1300","Hermione","Merell","Hermione Merell","HE/HIM","1307","2010-12-16","True","Finance","Food","CC9016","Fabrikam","Europe","Project Manager","202 Great America Parkway","Frankfurt","US","259-915-1098","T1001","BTK39","55165"
"1865","Inactive","Contractor","EMP1865","Imojean","Linskey","Imojean Linskey","SHE/HER","1298","2014-01-28","False","Product Engineering","Garments","CC5081","Contoso","Middle East","Sales Executive","303 Mansion Ct","Munich","US","345-789-1234","P2301","","14164"
"1842","Inactive","Contractor","EMP1842","Petronia","Evvie","Petronia Evvie","THEY/THEM","1728","2021-04-12","False","Human Resources","Media","CC1005","Fabrikam","North America","Accountant","303 Mansion Ct","Frankfurt","UK","789-093-2560","T1001","","19205"
"1790","Active","Contractor","EMP1790","Jere","Leffen","Jere Leffen","SHE/HER","1583","2015-11-08","True","Product Engineering","Pharma","CC9016","Woodgrove","North America","Director","","Frankfurt","UK","451-190-0893","T1001","GIQ23","74193"
"1189","Inactive","Contractor","EMP1189","Edyth","Faso","Edyth Faso","SHE/HER","1937","2021-11-06","True","Product Marketing","Media","CC7018","Woodgrove","Middle East","Customer Service Representative","","Chicago","US","193-940-1905","Y1083","GIQ23","34717"
"1385","Active","Contractor","EMP1385","Ruthe","Wenoa","Ruthe Wenoa","HE/HIM","1994","2010-08-29","False","Product Engineering","Electronics","CC7018","Fabrikam","North America","Project Manager","698 Menlo Rd","Chicago","US","193-940-1905","P2301","GUD01","21000"
"1238","Active","Contractor","EMP1238","Gavrielle","Kirstin","Gavrielle Kirstin","HE/HIM","1938","2020-09-23","True","Finance","Media","CC3035","Fabrikam","Asia Pacific","Business Analyst","","Paris","FR","150-150-1586","C1084","BTK39","67364"
"1402","Inactive","Contractor","EMP1402","Flory","Mayeda","Flory Mayeda","THEY/THEM","1029","2011-11-25","True","Product Engineering","Media","CC1005","Woodgrove","Asia Pacific","Program Manager","202 Great America Parkway","Frankfurt","UK","345-789-1234","P2301","GIQ23","81721"
"1715","Active","Contractor","EMP1715","Katleen","Sophronia","Katleen Sophronia","THEY/THEM","1371","2015-04-28","True","Finance","Garments","CC1005","Woodgrove","Middle East","Business Analyst","404 Legacy Dr","Mumbai","US","150-150-1586","T1001","BTK39","86945"
"1910","Active","Contractor","EMP1910","Cristine","Penelopa","Cristine Penelopa","THEY/THEM","1171","2021-11-09","True","Product Marketing","Pharma","CC2001","Fabrikam","Middle East","Director","698 Menlo Rd","London","UK","259-915-1098","P2301","ALK34","38686"
"1882","Active","Contractor","EMP1882","Darci","Brittani","Darci Brittani","SHE/HER","1234","2017-01-13","False","Manufacturing","Garments","CC3035","Fabrikam","Asia Pacific","Sales Executive","698 Menlo Rd","Frankfurt","FR","937-903-9108","C1084","ALK34","65324"
"1895","Active","Contractor","EMP1895","Letizia","Zola","Letizia Zola","SHE/HER","1148","2013-07-07","False","Product Marketing","Food","CC5081","Woodgrove","Asia Pacific","Customer Service Representative","303 Mansion Ct","Frankfurt","US","937-903-9108","T1001","ALK34","60202"
"1006","Inactive","Contractor","EMP1006","Larine","Smitt","Larine Smitt","SHE/HER","1489","2020-05-26","True","Manufacturing","Food","CC7018","Woodgrove","Asia Pacific","Engineering Manager","698 Menlo Rd","San Francisco","FR","150-150-1586","T1001","GIQ23","73284"
"1627","Active","Contractor","EMP1627","Asia","Muriel","Asia Muriel","HE/HIM","1602","2020-02-27","False","Human Resources","Food","CC3035","Contoso","Europe","Software Developer","404 Legacy Dr","Frankfurt","DE","259-915-1098","T1001","GUD01","30210"
"1336","Inactive","Contractor","EMP1336","Ottilie","Loeb","Ottilie Loeb","SHE/HER","1631","2016-02-26","True","Product Marketing","Garments","CC3035","Woodgrove","Europe","Customer Service Representative","303 Mansion Ct","Munich","US","789-093-2560","Y1083","ALK34","52130"
"1511","Active","Contractor","EMP1511","Stevana","Dom","Stevana Dom","SHE/HER","1048","2015-01-17","False","Product Marketing","Media","CC7018","Fabrikam","North America","Business Analyst","404 Legacy Dr","Munich","UK","451-190-0893","P2301","BTK39","82379"
"1714","Inactive","Contractor","EMP1714","Ariela","Sinegold","Ariela Sinegold","SHE/HER","1818","2013-04-15","True","Sales","Pharma","CC9016","Contoso","Asia Pacific","Software Developer","698 Menlo Rd","Chicago","DE","937-903-9108","C1084","","76327"
"1258","Inactive","Contractor","EMP1258","Lory","Atonsah","Lory Atonsah","SHE/HER","1477","2013-05-17","False","Finance","Garments","CC9016","Contoso","Asia Pacific","Engineering Manager","303 Mansion Ct","Paris","US","937-903-9108","C1084","ALK34","27191"
"1806","Active","Contractor","EMP1806","Josephine","Weinreb","Josephine Weinreb","SHE/HER","1074","2021-03-30","False","Human Resources","Food","CC9016","Fabrikam","North America","Engineering Manager","202 Great America Parkway","Munich","IN","789-093-2560","C1084","GIQ23","51182"
"1039","Inactive","Contractor","EMP1039","Shannah","Norvol","Shannah Norvol","THEY/THEM","1851","2017-08-06","True","Sales","Food","CC7018","Contoso","Middle East","Project Manager","202 Great America Parkway","San Francisco","US","193-940-1905","C1084","GUD01","33627"
"1434","Inactive","Contractor","EMP1434","Sherrie","Verger","Sherrie Verger","HE/HIM","1124","2011-10-02","True","Finance","Garments","CC2001","Woodgrove","Europe","Vice President","202 Great America Parkway","San Francisco","US","259-915-1098","C1084","ALK34","38843"
"1927","Active","Contractor","EMP1927","Tarra","Keelia","Tarra Keelia","HE/HIM","1295","2014-05-31","True","Product Engineering","Electronics","CC1005","Fabrikam","Europe","Director","404 Legacy Dr","Mumbai","DE","259-915-1098","C1084","GUD01","19689"
"1814","Active","Contractor","EMP1814","Ezmeralda","Pyle","Ezmeralda Pyle","THEY/THEM","1858","2014-05-17","False","Product Marketing","Food","CC7018","Woodgrove","Asia Pacific","Engineering Manager","404 Legacy Dr","London","UK","789-093-2560","Y1083","GUD01","47845"
"1914","Inactive","Contractor","EMP1914","Trudie","Mozelle","Trudie Mozelle","THEY/THEM","1534","2018-07-24","False","Product Marketing","Garments","CC5081","Contoso","Middle East","Project Manager","","London","US","345-789-1234","Y1083","GUD01","23848"
"1431","Inactive","Contractor","EMP1431","Maridel","Evangelia","Maridel Evangelia","THEY/THEM","1893","2012-02-26","False","Sales","Electronics","CC9016","Fabrikam","Europe","Customer Service Representative","","Mumbai","UK","789-093-2560","C1084","BTK39","60732"
"1785","Inactive","Contractor","EMP1785","Phylis","Argus","Phylis Argus","THEY/THEM","1917","2021-10-19","False","Sales","Garments","CC4830","Contoso","Middle East","Business Analyst","303 Mansion Ct","Munich","US","789-093-2560","T1001","BTK39","52494"
"1326","Inactive","Contractor","EMP1326","Mara","Justinn","Mara Justinn","THEY/THEM","1192","2021-02-13","False","Manufacturing","Pharma","CC7018","Fabrikam","Asia Pacific","Vice President","101 Woodgrove Way","Chicago","IN","789-093-2560","C1084","GIQ23","23348"
"1898","Active","Contractor","EMP1898","Wileen","Gerge","Wileen Gerge","SHE/HER","1629","2017-04-13","True","Human Resources","Electronics","CC2001","Woodgrove","North America","Program Manager","303 Mansion Ct","Paris","DE","193-940-1905","Y1083","GUD01","18640"
"1273","Inactive","Contractor","EMP1273","Vonny","Niccolo","Vonny Niccolo","HE/HIM","1264","2020-12-08","True","Finance","Garments","CC5081","Woodgrove","Europe","Customer Service Representative","101 Woodgrove Way","Mumbai","DE","259-915-1098","Y1083","ALK34","29187"
"1004","Active","Contractor","EMP1004","Ardenia","Oneida","Ardenia Oneida","HE/HIM","1587","2022-01-17","True","Manufacturing","Garments","CC1005","Woodgrove","Europe","Program Manager","","Munich","UK","789-093-2560","P2301","GUD01","33465"
"1458","Inactive","Contractor","EMP1458","Augustine","Ovid","Augustine Ovid","THEY/THEM","1483","2013-11-15","True","Human Resources","Pharma","CC3035","Contoso","North America","Accountant","404 Legacy Dr","Mumbai","US","345-789-1234","P2301","GIQ23","86564"
"1930","Inactive","Contractor","EMP1930","Charlena","Erich","Charlena Erich","SHE/HER","1282","2016-07-23","False","Finance","Pharma","CC9016","Woodgrove","Middle East","Vice President","","San Francisco","UK","937-903-9108","P2301","ALK34","12766"
"1484","Active","Contractor","EMP1484","Romona","Schalles","Romona Schalles","THEY/THEM","1872","2012-08-08","False","Finance","Food","CC3035","Fabrikam","Middle East","Program Manager","303 Mansion Ct","San Francisco","IN","345-789-1234","P2301","GUD01","41687"
"1170","Inactive","Contractor","EMP1170","Micheline","Peti","Micheline Peti","SHE/HER","1984","2017-02-22","True","Product Marketing","Electronics","CC7018","Fabrikam","Europe","Director","","Chicago","FR","150-150-1586","Y1083","ALK34","19602"
"1640","Active","Contractor","EMP1640","Judy","Malanie","Judy Malanie","HE/HIM","1627","2016-02-26","True","Human Resources","Electronics","CC4830","Fabrikam","Middle East","Accountant","404 Legacy Dr","Munich","UK","193-940-1905","T1001","BTK39","28553"
"1954","Inactive","Contractor","EMP1954","Dede","Dorine","Dede Dorine","SHE/HER","1252","2015-10-26","True","Manufacturing","Food","CC4830","Fabrikam","Asia Pacific","Director","101 Woodgrove Way","San Francisco","DE","193-940-1905","C1084","BTK39","48012"
"1492","Inactive","Contractor","EMP1492","Trudie","Jarib","Trudie Jarib","HE/HIM","1539","2021-07-05","False","Product Engineering","Electronics","CC1005","Woodgrove","Europe","Customer Service Representative","404 Legacy Dr","Chicago","UK","345-789-1234","C1084","","38161"
"1401","Inactive","Contractor","EMP1401","Madelle","Keelia","Madelle Keelia","HE/HIM","1102","2014-06-04","True","Product Engineering","Electronics","CC4830","Fabrikam","Asia Pacific","Business Analyst","698 Menlo Rd","San Francisco","UK","193-940-1905","T1001","BTK39","43125"
"1538","Active","Contractor","EMP1538","Rosaline","Wesle","Rosaline Wesle","SHE/HER","1492","2014-05-11","False","Finance","Pharma","CC7018","Contoso","Europe","Vice President","","London","IN","937-903-9108","C1084","","59800"
"1866","Active","Contractor","EMP1866","Laurene","Yusuk","Laurene Yusuk","SHE/HER","1375","2015-09-26","True","Human Resources","Food","CC5081","Fabrikam","North America","Program Manager","404 Legacy Dr","Mumbai","UK","150-150-1586","P2301","ALK34","26908"
"1917","Active","Contractor","EMP1917","Alyssa","Cullin","Alyssa Cullin","THEY/THEM","1566","2017-08-18","True","Human Resources","Food","CC9016","Fabrikam","North America","Project Manager","101 Woodgrove Way","San Francisco","DE","193-940-1905","C1084","BTK39","59564"
"1830","Inactive","Contractor","EMP1830","Valeda","Celestine","Valeda Celestine","SHE/HER","1744","2018-11-14","True","Product Marketing","Garments","CC5081","Woodgrove","Europe","Sales Executive","101 Woodgrove Way","Mumbai","IN","345-789-1234","T1001","ALK34","78773"
"1116","Inactive","Contractor","EMP1116","Ida","Sancho","Ida Sancho","THEY/THEM","1594","2012-06-22","True","Product Marketing","Pharma","CC3035","Fabrikam","Middle East","Sales Executive","698 Menlo Rd","Munich","DE","150-150-1586","Y1083","GUD01","20608"
"1038","Inactive","Contractor","EMP1038","Brooks","Wareing","Brooks Wareing","THEY/THEM","1996","2012-01-20","True","Human Resources","Garments","CC3035","Fabrikam","Europe","Project Manager","101 Woodgrove Way","Frankfurt","UK","789-093-2560","P2301","ALK34","80254"
"1258","Active","Contractor","EMP1258","Lorenza","Byrne","Lorenza Byrne","SHE/HER","1081","2019-10-31","True","Human Resources","Pharma","CC4830","Contoso","North America","Customer Service Representative","","San Francisco","US","259-915-1098","T1001","ALK34","11210"
"1397","Active","Contractor","EMP1397","Lorne","Ellerey","Lorne Ellerey","HE/HIM","1628","2019-05-02","False","Finance","Pharma","CC9016","Woodgrove","Europe","Software Developer","202 Great America Parkway","Chicago","US","259-915-1098","Y1083","GIQ23","87797"
"1048","Active","Contractor","EMP1048","Georgetta","Kazimir","Georgetta Kazimir","THEY/THEM","1565","2010-09-28","False","Finance","Garments","CC9016","Fabrikam","Asia Pacific","Sales Executive","","Paris","IN","150-150-1586","T1001","ALK34","69316"
"1083","Inactive","Contractor","EMP1083","Valera","Gino","Valera Gino","HE/HIM","1818","2017-03-21","True","Manufacturing","Garments","CC7018","Contoso","Asia Pacific","Business Analyst","","Paris","IN","937-903-9108","Y1083","BTK39","16916"
"1820","Inactive","Contractor","EMP1820","Rubie","Markman","Rubie Markman","HE/HIM","1701","2011-09-07","True","Human Resources","Food","CC9016","Woodgrove","North America","Project Manager","404 Legacy Dr","Chicago","DE","150-150-1586","T1001","ALK34","31893"
"1970","Active","Contractor","EMP1970","Lily","Wareing","Lily Wareing","HE/HIM","1700","2011-09-17","False","Product Marketing","Pharma","CC3035","Fabrikam","Asia Pacific","Project Manager","101 Woodgrove Way","Mumbai","US","259-915-1098","T1001","","71131"
"1988","Inactive","Contractor","EMP1988","Yetty","Seessel","Yetty Seessel","SHE/HER","1162","2018-07-31","False","Finance","Garments","CC7018","Fabrikam","Europe","Software Developer","404 Legacy Dr","San Francisco","US","345-789-1234","P2301","GIQ23","66069"
"1603","Active","Contractor","EMP1603","Sheree","Pettiford","Sheree Pettiford","SHE/HER","1970","2013-06-08","True","Finance","Garments","CC7018","Contoso","Europe","Accountant","101 Woodgrove Way","Munich","DE","259-915-1098","Y1083","ALK34","48860"
"1256","Inactive","Contractor","EMP1256","Catrina","Emmaline","Catrina Emmaline","THEY/THEM","1113","2011-06-23","False","Manufacturing","Pharma","CC5081","Fabrikam","Asia Pacific","Project Manager","202 Great America Parkway","San Francisco","FR","345-789-1234","C1084","","78842"
"1521","Active","Contractor","EMP1521","Anestassia","Pauly","Anestassia Pauly","THEY/THEM","1447","2016-07-03","False","Human Resources","Food","CC9016","Fabrikam","North America","Accountant","404 Legacy Dr","Paris","DE","150-150-1586","Y1083","BTK39","19092"
"1655","Active","Contractor","EMP1655","Wanda","Loring","Wanda Loring","THEY/THEM","1577","2019-06-26","False","Product Engineering","Food","CC4830","Woodgrove","Asia Pacific","Director","101 Woodgrove Way","San Francisco","IN","150-150-1586","Y1083","GIQ23","65007"
"1423","Active","Contractor","EMP1423","Paule","Emerson","Paule Emerson","SHE/HER","1981","2012-12-31","True","Manufacturing","Electronics","CC2001","Fabrikam","Europe","Project Manager","303 Mansion Ct","Frankfurt","IN","789-093-2560","C1084","BTK39","24190"
"1233","Active","Contractor","EMP1233","Jasmina","Justinn","Jasmina Justinn","SHE/HER","1427","2021-05-23","False","Manufacturing","Food","CC9016","Contoso","Middle East","Vice President","202 Great America Parkway","Chicago","IN","150-150-1586","T1001","GUD01","53895"
"1603","Active","Contractor","EMP1603","Lyssa","Hubert","Lyssa Hubert","THEY/THEM","1879","2016-09-24","False","Sales","Pharma","CC1005","Contoso","Asia Pacific","Project Manager","303 Mansion Ct","Chicago","UK","789-093-2560","T1001","GUD01","45275"
"1450","Inactive","Contractor","EMP1450","Janis","Chinua","Janis Chinua","THEY/THEM","1811","2011-06-22","True","Finance","Food","CC5081","Fabrikam","Asia Pacific","Customer Service Representative","698 Menlo Rd","San Francisco","US","451-190-0893","Y1083","ALK34","50409"
"1976","Active","Contractor","EMP1976","Reeba","Gunn","Reeba Gunn","HE/HIM","1753","2021-03-09","False","Product Marketing","Pharma","CC3035","Contoso","North America","Vice President","404 Legacy Dr","San Francisco","US","345-789-1234","P2301","GUD01","52739"
"1927","Active","Contractor","EMP1927","Mellicent","Nester","Mellicent Nester","HE/HIM","1500","2016-01-29","True","Product Marketing","Media","CC7018","Contoso","Asia Pacific","Program Manager","202 Great America Parkway","Frankfurt","UK","259-915-1098","Y1083","","30906"
"1081","Active","Contractor","EMP1081","Bernie","Sherfield","Bernie Sherfield","THEY/THEM","1465","2013-03-18","True","Manufacturing","Media","CC1005","Contoso","Europe","Customer Service Representative","303 Mansion Ct","Mumbai","FR","937-903-9108","P2301","ALK34","69923"
"1692","Inactive","Contractor","EMP1692","Kary","Mitzi","Kary Mitzi","SHE/HER","1214","2015-11-22","True","Sales","Electronics","CC4830","Fabrikam","Middle East","Customer Service Representative","","San Francisco","US","150-150-1586","P2301","","19038"
"1354","Active","Contractor","EMP1354","Henriette","Alisia","Henriette Alisia","HE/HIM","1282","2012-07-23","True","Finance","Food","CC7018","Woodgrove","Middle East","Business Analyst","202 Great America Parkway","San Francisco","DE","789-093-2560","T1001","GUD01","77426"
"1411","Inactive","Contractor","EMP1411","Coral","Jobi","Coral Jobi","THEY/THEM","1255","2010-11-14","False","Product Engineering","Food","CC2001","Fabrikam","North America","Accountant","698 Menlo Rd","Frankfurt","IN","451-190-0893","T1001","","50852"
"1536","Active","Contractor","EMP1536","Ariela","Noman","Ariela Noman","HE/HIM","1047","2020-05-25","True","Product Engineering","Media","CC9016","Fabrikam","Europe","Vice President","698 Menlo Rd","San Francisco","FR","345-789-1234","P2301","","42617"
"1959","Inactive","Contractor","EMP1959","Gloria","Jillane","Gloria Jillane","HE/HIM","1388","2012-07-19","False","Sales","Media","CC4830","Fabrikam","Middle East","Program Manager","303 Mansion Ct","Frankfurt","IN","345-789-1234","Y1083","BTK39","75376"
"1510","Inactive","Contractor","EMP1510","Letizia","Silvan","Letizia Silvan","THEY/THEM","1381","2017-08-08","True","Manufacturing","Garments","CC3035","Contoso","Asia Pacific","Customer Service Representative","101 Woodgrove Way","San Francisco","US","937-903-9108","T1001","","52198"
"1100","Inactive","Contractor","EMP1100","Dorthy","Nance","Dorthy Nance","SHE/HER","1758","2015-04-06","True","Product Engineering","Media","CC7018","Woodgrove","Middle East","Customer Service Representative","404 Legacy Dr","Paris","IN","150-150-1586","P2301","GUD01","63704"
"1735","Inactive","Contractor","EMP1735","Dorice","Sheng","Dorice Sheng","THEY/THEM","1849","2017-08-26","True","Product Marketing","Food","CC2001","Woodgrove","North America","Project Manager","698 Menlo Rd","San Francisco","US","345-789-1234","C1084","BTK39","62593"
"1799","Inactive","Contractor","EMP1799","Ariela","Valoniah","Ariela Valoniah","HE/HIM","1855","2019-03-08","True","Product Engineering","Pharma","CC2001","Fabrikam","Asia Pacific","Software Developer","202 Great America Parkway","Munich","FR","193-940-1905","T1001","","80029"
"1180","Active","Contractor","EMP1180","Collen","Alisia","Collen Alisia","THEY/THEM","1623","2017-06-16","True","Manufacturing","Electronics","CC9016","Contoso","Europe","Business Analyst","698 Menlo Rd","Chicago","FR","259-915-1098","C1084","","85829"
"1533","Active","Contractor","EMP1533","Mireielle","Wiener","Mireielle Wiener","THEY/THEM","1510","2014-11-05","True","Finance","Pharma","CC5081","Fabrikam","Middle East","Software Developer","","Chicago","US","789-093-2560","T1001","BTK39","49161"
"1936","Active","Contractor","EMP1936","Anallese","Gladstone","Anallese Gladstone","HE/HIM","1795","2019-04-13","False","Human Resources","Garments","CC2001","Contoso","Europe","Vice President","303 Mansion Ct","London","US","937-903-9108","C1084","GIQ23","81442"
"1730","Inactive","Contractor","EMP1730","Jeanna","Ogren","Jeanna Ogren","HE/HIM","1506","2021-03-26","True","Product Marketing","Pharma","CC4830","Contoso","Europe","Customer Service Representative","698 Menlo Rd","Chicago","US","451-190-0893","C1084","ALK34","40472"
"1726","Active","Contractor","EMP1726","Amii","Elephus","Amii Elephus","SHE/HER","1979","2022-07-12","False","Finance","Pharma","CC4830","Fabrikam","Middle East","Project Manager","","Paris","DE","937-903-9108","Y1083","GIQ23","36367"
"1099","Active","Contractor","EMP1099","Kamilah","Bethany","Kamilah Bethany","THEY/THEM","1961","2019-02-28","False","Product Marketing","Media","CC4830","Contoso","Europe","Engineering Manager","404 Legacy Dr","Chicago","IN","451-190-0893","C1084","","62810"
"1292","Inactive","Contractor","EMP1292","Christal","Halsey","Christal Halsey","HE/HIM","1246","2016-06-18","False","Product Engineering","Garments","CC1005","Contoso","North America","Project Manager","404 Legacy Dr","Chicago","FR","259-915-1098","P2301","","60989"
"1817","Inactive","Contractor","EMP1817","Reeba","Susannah","Reeba Susannah","SHE/HER","1078","2013-11-10","True","Manufacturing","Garments","CC1005","Fabrikam","North America","Project Manager","","Munich","FR","789-093-2560","C1084","GIQ23","39082"
"1839","Inactive","Contractor","EMP1839","Agathe","Moina","Agathe Moina","SHE/HER","1196","2018-09-16","True","Manufacturing","Electronics","CC2001","Fabrikam","Middle East","Accountant","303 Mansion Ct","Frankfurt","IN","451-190-0893","Y1083","GIQ23","76313"
"1786","Active","Contractor","EMP1786","Vita","Longfellow","Vita Longfellow","HE/HIM","1170","2018-05-05","False","Finance","Electronics","CC3035","Fabrikam","Europe","Customer Service Representative","404 Legacy Dr","Paris","US","451-190-0893","T1001","ALK34","77442"
"1615","Inactive","Contractor","EMP1615","Robbi","Yoko","Robbi Yoko","THEY/THEM","1793","2020-05-05","False","Product Marketing","Garments","CC9016","Contoso","Middle East","Project Manager","698 Menlo Rd","San Francisco","FR","451-190-0893","P2301","BTK39","66954"
"1728","Active","Contractor","EMP1728","Felice","Winthorpe","Felice Winthorpe","THEY/THEM","1833","2019-03-21","True","Finance","Pharma","CC2001","Fabrikam","Middle East","Project Manager","101 Woodgrove Way","San Francisco","UK","259-915-1098","Y1083","GUD01","78521"
"1023","Active","Contractor","EMP1023","Netty","Nickola","Netty Nickola","HE/HIM","1916","2016-10-08","False","Finance","Media","CC2001","Woodgrove","Middle East","Director","202 Great America Parkway","Chicago","FR","345-789-1234","Y1083","GUD01","38488"
"1832","Active","Contractor","EMP1832","Shirlee","Hashim","Shirlee Hashim","HE/HIM","1071","2015-01-14","False","Manufacturing","Food","CC1005","Fabrikam","North America","Director","698 Menlo Rd","London","US","193-940-1905","P2301","BTK39","10898"
"1685","Active","Contractor","EMP1685","Ofilia","Ventre","Ofilia Ventre","HE/HIM","1619","2018-07-05","False","Product Engineering","Garments","CC1005","Contoso","North America","Software Developer","101 Woodgrove Way","Chicago","US","193-940-1905","P2301","","62965"
"1283","Active","Contractor","EMP1283","Harmonia","Stuart","Harmonia Stuart","HE/HIM","1381","2022-08-03","False","Product Marketing","Pharma","CC9016","Contoso","Middle East","Customer Service Representative","303 Mansion Ct","Chicago","US","789-093-2560","T1001","GIQ23","56520"
"1175","Inactive","Contractor","EMP1175","Roz","Tacye","Roz Tacye","THEY/THEM","1664","2020-12-31","False","Product Marketing","Food","CC9016","Fabrikam","Middle East","Vice President","404 Legacy Dr","San Francisco","UK","937-903-9108","P2301","GIQ23","80071"
"1793","Active","Contractor","EMP1793","Lynea","Leopold","Lynea Leopold","HE/HIM","1345","2020-10-28","False","Sales","Pharma","CC5081","Fabrikam","Asia Pacific","Project Manager","404 Legacy Dr","Paris","US","937-903-9108","T1001","ALK34","75367"
"1624","Active","Contractor","EMP1624","Giustina","Sisile","Giustina Sisile","HE/HIM","1826","2018-04-10","False","Product Engineering","Food","CC1005","Woodgrove","North America","Director","404 Legacy Dr","Chicago","US","789-093-2560","Y1083","ALK34","58716"
"1339","Inactive","Contractor","EMP1339","Tomasina","Arley","Tomasina Arley","THEY/THEM","1834","2016-09-30","True","Product Engineering","Food","CC7018","Woodgrove","Asia Pacific","Engineering Manager","404 Legacy Dr","Munich","DE","937-903-9108","C1084","ALK34","73579"
"1660","Inactive","Contractor","EMP1660","Myriam","Magnolia","Myriam Magnolia","SHE/HER","1555","2010-05-06","True","Manufacturing","Media","CC4830","Fabrikam","North America","Business Analyst","404 Legacy Dr","San Francisco","IN","193-940-1905","P2301","ALK34","64668"
"1936","Inactive","Contractor","EMP1936","Anica","Dannye","Anica Dannye","THEY/THEM","1651","2013-04-09","False","Product Marketing","Garments","CC1005","Fabrikam","Europe","Engineering Manager","101 Woodgrove Way","Munich","IN","345-789-1234","T1001","GUD01","38947"
"1655","Active","Contractor","EMP1655","Meg","Podvin","Meg Podvin","HE/HIM","1956","2010-07-26","True","Sales","Electronics","CC3035","Contoso","North America","Accountant","101 Woodgrove Way","San Francisco","DE","937-903-9108","T1001","GIQ23","21417"
"1961","Inactive","Contractor","EMP1961","Viki","Hermes","Viki Hermes","SHE/HER","1961","2016-05-04","True","Human Resources","Pharma","CC9016","Woodgrove","Middle East","Business Analyst","101 Woodgrove Way","Munich","FR","345-789-1234","C1084","GUD01","85820"
"1649","Inactive","Contractor","EMP1649","Meghann","Carmena","Meghann Carmena","THEY/THEM","1483","2016-10-25","True","Sales","Food","CC5081","Contoso","Europe","Engineering Manager","202 Great America Parkway","San Francisco","IN","150-150-1586","C1084","GIQ23","11632"
"1951","Active","Contractor","EMP1951","Ekaterina","Gombach","Ekaterina Gombach","HE/HIM","1288","2012-09-14","True","Human Resources","Garments","CC7018","Woodgrove","Middle East","Business Analyst","303 Mansion Ct","Chicago","US","451-190-0893","C1084","ALK34","81731"
"1650","Inactive","Contractor","EMP1650","Chandra","McClimans","Chandra McClimans","HE/HIM","1199","2020-02-14","True","Manufacturing","Media","CC3035","Woodgrove","Middle East","Program Manager","","Mumbai","UK","451-190-0893","C1084","GIQ23","26559"
"1474","Active","Contractor","EMP1474","Adelle","Ledah","Adelle Ledah","THEY/THEM","1084","2016-03-05","False","Product Marketing","Media","CC7018","Fabrikam","Europe","Vice President","404 Legacy Dr","Frankfurt","FR","150-150-1586","P2301","","41408"
"1275","Active","Contractor","EMP1275","Nollie","Shuler","Nollie Shuler","SHE/HER","1416","2013-05-18","True","Sales","Garments","CC4830","Fabrikam","Asia Pacific","Engineering Manager","698 Menlo Rd","San Francisco","UK","345-789-1234","C1084","ALK34","57655"
"1352","Active","Contractor","EMP1352","Diena","Vivle","Diena Vivle","HE/HIM","1920","2018-08-04","True","Finance","Media","CC5081","Woodgrove","Middle East","Accountant","202 Great America Parkway","San Francisco","IN","789-093-2560","P2301","BTK39","16562"
"1648","Inactive","Contractor","EMP1648","Marguerite","Cyrie","Marguerite Cyrie","HE/HIM","1656","2011-07-30","False","Finance","Pharma","CC9016","Fabrikam","Europe","Customer Service Representative","303 Mansion Ct","San Francisco","US","150-150-1586","P2301","","62701"
"1865","Active","Contractor","EMP1865","Nadine","Olin","Nadine Olin","SHE/HER","1444","2014-04-21","True","Sales","Electronics","CC1005","Woodgrove","North America","Accountant","303 Mansion Ct","Munich","FR","937-903-9108","C1084","GIQ23","22264"
"1892","Inactive","Contractor","EMP1892","Deirdre","Lissi","Deirdre Lissi","HE/HIM","1093","2017-07-01","True","Sales","Pharma","CC3035","Woodgrove","Europe","Vice President","202 Great America Parkway","Mumbai","FR","259-915-1098","C1084","BTK39","27984"
"1864","Inactive","Contractor","EMP1864","Jinny","Han","Jinny Han","THEY/THEM","1726","2015-12-04","True","Finance","Pharma","CC1005","Contoso","Europe","Software Developer","","London","US","193-940-1905","T1001","ALK34","84139"
"1025","Inactive","Contractor","EMP1025","Adelle","Adrienne","Adelle Adrienne","THEY/THEM","1483","2019-02-17","True","Sales","Food","CC4830","Woodgrove","Middle East","Accountant","698 Menlo Rd","Paris","DE","937-903-9108","C1084","","50665"
"1622","Inactive","Contractor","EMP1622","Fidelia","Danby","Fidelia Danby","THEY/THEM","1641","2016-08-03","True","Product Engineering","Garments","CC9016","Contoso","Europe","Vice President","202 Great America Parkway","Paris","UK","789-093-2560","P2301","","19184"
"1109","Inactive","Contractor","EMP1109","Jessamyn","Flita","Jessamyn Flita","HE/HIM","1348","2010-03-27","True","Finance","Pharma","CC2001","Fabrikam","North America","Software Developer","303 Mansion Ct","Paris","US","451-190-0893","C1084","","40880"
"1853","Inactive","Contractor","EMP1853","Thalia","Audly","Thalia Audly","HE/HIM","1718","2018-04-14","True","Sales","Garments","CC7018","Fabrikam","North America","Sales Executive","303 Mansion Ct","San Francisco","DE","345-789-1234","T1001","","51222"
"1044","Active","Contractor","EMP1044","Suzette","Chrystel","Suzette Chrystel","THEY/THEM","1047","2013-07-06","False","Product Engineering","Garments","CC2001","Woodgrove","Asia Pacific","Program Manager","","Mumbai","UK","789-093-2560","T1001","GIQ23","38276"
"1812","Active","Contractor","EMP1812","Sheelagh","Teryn","Sheelagh Teryn","HE/HIM","1193","2018-07-21","False","Human Resources","Pharma","CC3035","Fabrikam","Asia Pacific","Engineering Manager","202 Great America Parkway","London","UK","150-150-1586","C1084","GIQ23","52891"
"1123","Inactive","Contractor","EMP1123","Darlleen","Hailee","Darlleen Hailee","HE/HIM","1046","2015-03-01","False","Product Engineering","Electronics","CC7018","Fabrikam","Asia Pacific","Accountant","698 Menlo Rd","Mumbai","DE","259-915-1098","T1001","GIQ23","65111"
"1737","Inactive","Contractor","EMP1737","Raquela","Parsaye","Raquela Parsaye","HE/HIM","1151","2020-01-01","True","Product Marketing","Pharma","CC4830","Contoso","North America","Customer Service Representative","303 Mansion Ct","Chicago","IN","789-093-2560","C1084","GUD01","31396"
"1929","Inactive","Contractor","EMP1929","Joane","Mata","Joane Mata","HE/HIM","1245","2016-04-30","False","Product Marketing","Garments","CC5081","Fabrikam","Europe","Vice President","","London","IN","259-915-1098","T1001","","29557"
"1934","Active","Contractor","EMP1934","Gisela","Jenness","Gisela Jenness","SHE/HER","1994","2017-04-09","False","Human Resources","Garments","CC2001","Woodgrove","Europe","Vice President","404 Legacy Dr","San Francisco","DE","789-093-2560","T1001","BTK39","19389"
"1728","Inactive","Contractor","EMP1728","Brietta","Poll","Brietta Poll","THEY/THEM","1348","2011-11-15","True","Product Marketing","Pharma","CC7018","Fabrikam","Asia Pacific","Vice President","202 Great America Parkway","San Francisco","UK","193-940-1905","T1001","","19447"
"1441","Active","Contractor","EMP1441","Mildrid","Maxi","Mildrid Maxi","HE/HIM","1122","2014-08-04","True","Manufacturing","Pharma","CC3035","Woodgrove","Asia Pacific","Business Analyst","","London","IN","150-150-1586","Y1083","BTK39","56965"
"1963","Inactive","Contractor","EMP1963","Gusella","Pauly","Gusella Pauly","HE/HIM","1751","2017-02-14","True","Manufacturing","Media","CC7018","Woodgrove","Europe","Customer Service Representative","404 Legacy Dr","Frankfurt","US","937-903-9108","C1084","GIQ23","63125"
"1599","Inactive","Contractor","EMP1599","Melanie","Japeth","Melanie Japeth","HE/HIM","1410","2014-12-13","False","Sales","Electronics","CC3035","Contoso","Middle East","Software Developer","698 Menlo Rd","San Francisco","US","193-940-1905","Y1083","GUD01","40144"
"1509","Inactive","Contractor","EMP1509","Maryellen","Albertine","Maryellen Albertine","SHE/HER","1792","2019-09-07","False","Product Marketing","Electronics","CC3035","Fabrikam","Europe","Software Developer","202 Great America Parkway","Frankfurt","DE","259-915-1098","T1001","ALK34","89122"
"1348","Inactive","Contractor","EMP1348","Roxane","Ludewig","Roxane Ludewig","SHE/HER","1142","2013-09-20","False","Product Engineering","Media","CC3035","Woodgrove","Europe","Project Manager","698 Menlo Rd","Chicago","IN","259-915-1098","Y1083","GIQ23","88515"
"1265","Inactive","Contractor","EMP1265","Alex","Rosalba","Alex Rosalba","HE/HIM","1733","2015-07-21","True","Finance","Electronics","CC2001","Woodgrove","North America","Project Manager","303 Mansion Ct","Munich","US","193-940-1905","Y1083","GUD01","81675"
"1410","Active","Contractor","EMP1410","Arlena","Amadas","Arlena Amadas","THEY/THEM","1625","2021-12-09","False","Product Engineering","Pharma","CC9016","Woodgrove","Europe","Vice President","698 Menlo Rd","London","DE","259-915-1098","T1001","GIQ23","65166"
"1993","Active","Contractor","EMP1993","Lory","Carolin","Lory Carolin","SHE/HER","1748","2016-08-07","False","Product Marketing","Garments","CC3035","Woodgrove","North America","Director","698 Menlo Rd","Frankfurt","US","345-789-1234","C1084","GIQ23","41568"
"1821","Active","Contractor","EMP1821","Natka","Nerita","Natka Nerita","HE/HIM","1874","2010-05-02","False","Finance","Media","CC2001","Contoso","Asia Pacific","Customer Service Representative","303 Mansion Ct","Paris","IN","150-150-1586","P2301","GIQ23","31200"
"1212","Inactive","Contractor","EMP1212","Belinda","Arley","Belinda Arley","SHE/HER","1094","2017-08-26","True","Manufacturing","Media","CC3035","Woodgrove","Asia Pacific","Director","101 Woodgrove Way","Munich","UK","259-915-1098","C1084","","23627"
"1026","Inactive","Contractor","EMP1026","Kirstin","Lane","Kirstin Lane","HE/HIM","1206","2020-03-24","False","Manufacturing","Electronics","CC2001","Fabrikam","North America","Software Developer","698 Menlo Rd","Munich","IN","789-093-2560","T1001","","36846"
"1415","Inactive","Contractor","EMP1415","Orsola","Couture","Orsola Couture","HE/HIM","1110","2011-05-19","False","Product Marketing","Electronics","CC4830","Contoso","Asia Pacific","Accountant","202 Great America Parkway","London","DE","193-940-1905","P2301","GIQ23","25560"
"1665","Active","Contractor","EMP1665","Raquela","Vilma","Raquela Vilma","HE/HIM","1503","2013-01-23","False","Manufacturing","Food","CC5081","Fabrikam","North America","Engineering Manager","303 Mansion Ct","Munich","UK","259-915-1098","T1001","ALK34","60129"
"1109","Active","Contractor","EMP1109","Courtnay","Tremayne","Courtnay Tremayne","THEY/THEM","1122","2014-09-03","False","Manufacturing","Pharma","CC3035","Contoso","Europe","Project Manager","404 Legacy Dr","Paris","DE","451-190-0893","P2301","","15668"
"1897","Inactive","Contractor","EMP1897","Trudie","Gaynor","Trudie Gaynor","THEY/THEM","1883","2017-08-05","True","Product Marketing","Garments","CC5081","Contoso","North America","Customer Service Representative","404 Legacy Dr","London","US","789-093-2560","P2301","GIQ23","87157"
"1087","Active","Contractor","EMP1087","Luci","Cosenza","Luci Cosenza","HE/HIM","1785","2015-10-19","True","Product Engineering","Food","CC2001","Contoso","Europe","Project Manager","","San Francisco","US","451-190-0893","Y1083","GIQ23","34651"
"1412","Active","Contractor","EMP1412","Adele","Kat","Adele Kat","SHE/HER","1812","2010-12-16","True","Product Engineering","Media","CC9016","Contoso","Asia Pacific","Program Manager","101 Woodgrove Way","London","FR","937-903-9108","C1084","GIQ23","66576"
"1132","Inactive","Contractor","EMP1132","Stevana","Destinee","Stevana Destinee","SHE/HER","1528","2019-07-05","True","Sales","Garments","CC1005","Woodgrove","Europe","Vice President","101 Woodgrove Way","Paris","IN","193-940-1905","Y1083","","76108"
"1688","Inactive","Contractor","EMP1688","Annice","Jethro","Annice Jethro","SHE/HER","1442","2021-08-10","False","Product Marketing","Garments","CC2001","Woodgrove","Asia Pacific","Software Developer","698 Menlo Rd","Frankfurt","DE","451-190-0893","Y1083","ALK34","41172"
"1961","Active","Contractor","EMP1961","Fidelia","Justinn","Fidelia Justinn","HE/HIM","1922","2011-10-11","False","Sales","Garments","CC1005","Woodgrove","North America","Business Analyst","","Paris","FR","789-093-2560","P2301","GUD01","39770"
"1029","Inactive","Contractor","EMP1029","Frances","Sekofski","Frances Sekofski","HE/HIM","1344","2018-03-09","True","Sales","Garments","CC1005","Contoso","Middle East","Software Developer","","Mumbai","UK","193-940-1905","Y1083","GIQ23","86396"
"1452","Active","Contractor","EMP1452","Kenna","Luhe","Kenna Luhe","THEY/THEM","1920","2014-01-07","False","Manufacturing","Electronics","CC1005","Fabrikam","Europe","Project Manager","","Paris","UK","451-190-0893","T1001","BTK39","46511"
"1286","Inactive","Contractor","EMP1286","Stephanie","Rurik","Stephanie Rurik","SHE/HER","1923","2021-11-23","False","Human Resources","Electronics","CC9016","Fabrikam","Middle East","Software Developer","","Munich","DE","345-789-1234","Y1083","GIQ23","50952"
"1078","Active","Contractor","EMP1078","Dagmar","Hartnett","Dagmar Hartnett","SHE/HER","1559","2017-11-06","False","Sales","Pharma","CC9016","Contoso","Asia Pacific","Business Analyst","202 Great America Parkway","San Francisco","IN","451-190-0893","Y1083","GUD01","55878"
"1962","Active","Contractor","EMP1962","Stevana","Whiffen","Stevana Whiffen","HE/HIM","1552","2019-12-31","False","Product Engineering","Pharma","CC5081","Fabrikam","North America","Program Manager","101 Woodgrove Way","San Francisco","DE","150-150-1586","P2301","ALK34","66464"
"1894","Active","Contractor","EMP1894","Xylina","Ricarda","Xylina Ricarda","HE/HIM","1281","2021-09-29","True","Product Marketing","Electronics","CC7018","Contoso","Middle East","Program Manager","303 Mansion Ct","San Francisco","FR","937-903-9108","T1001","GIQ23","10201"
"1594","Inactive","Contractor","EMP1594","Roseline","Darrell","Roseline Darrell","SHE/HER","1620","2012-02-01","True","Product Engineering","Electronics","CC9016","Woodgrove","North America","Director","303 Mansion Ct","San Francisco","FR","193-940-1905","C1084","ALK34","42725"
"1542","Active","Contractor","EMP1542","Beatriz","Izaak","Beatriz Izaak","THEY/THEM","1583","2010-09-20","False","Product Marketing","Garments","CC1005","Woodgrove","North America","Sales Executive","404 Legacy Dr","Munich","DE","150-150-1586","C1084","BTK39","70867"
"1586","Inactive","Contractor","EMP1586","Gerrie","Bergman","Gerrie Bergman","SHE/HER","1410","2010-03-10","True","Product Engineering","Garments","CC4830","Woodgrove","North America","Accountant","303 Mansion Ct","Munich","UK","937-903-9108","Y1083","BTK39","75852"
"1338","Active","Contractor","EMP1338","Danny","Gower","Danny Gower","THEY/THEM","1939","2012-03-18","True","Human Resources","Electronics","CC4830","Contoso","Middle East","Accountant","101 Woodgrove Way","Chicago","US","150-150-1586","P2301","BTK39","49001"
"1203","Inactive","Contractor","EMP1203","Jsandye","Warthman","Jsandye Warthman","SHE/HER","1511","2014-02-20","False","Sales","Electronics","CC2001","Fabrikam","Asia Pacific","Sales Executive","","Paris","IN","259-915-1098","Y1083","ALK34","87205"
"1184","Inactive","Contractor","EMP1184","Tonia","Donoghue","Tonia Donoghue","HE/HIM","1668","2016-02-23","False","Human Resources","Pharma","CC9016","Contoso","Europe","Program Manager","202 Great America Parkway","Paris","UK","937-903-9108","Y1083","","23709"
"1283","Inactive","Contractor","EMP1283","Beth","Rona","Beth Rona","THEY/THEM","1239","2011-06-23","True","Sales","Media","CC7018","Fabrikam","North America","Vice President","202 Great America Parkway","Chicago","FR","789-093-2560","Y1083","BTK39","27055"
"1485","Inactive","Contractor","EMP1485","Mary","Oneida","Mary Oneida","THEY/THEM","1137","2018-10-04","False","Product Engineering","Garments","CC5081","Fabrikam","North America","Director","","San Francisco","US","193-940-1905","Y1083","GIQ23","77492"
"1583","Active","Contractor","EMP1583","Netty","Arne","Netty Arne","SHE/HER","1493","2014-02-14","True","Finance","Food","CC1005","Woodgrove","Europe","Sales Executive","101 Woodgrove Way","Munich","FR","937-903-9108","Y1083","","18066"
"1733","Inactive","Contractor","EMP1733","Audrie","Abernon","Audrie Abernon","HE/HIM","1036","2014-08-16","False","Finance","Pharma","CC9016","Woodgrove","Middle East","Program Manager","101 Woodgrove Way","San Francisco","IN","451-190-0893","C1084","GUD01","39005"
"1968","Active","Contractor","EMP1968","Jillayne","Georas","Jillayne Georas","SHE/HER","1440","2016-01-27","True","Product Engineering","Food","CC7018","Fabrikam","Asia Pacific","Accountant","101 Woodgrove Way","San Francisco","DE","789-093-2560","C1084","","83137"
"1106","Active","Contractor","EMP1106","Mariann","Himelman","Mariann Himelman","HE/HIM","1035","2016-02-27","True","Product Engineering","Garments","CC9016","Fabrikam","Middle East","Customer Service Representative","202 Great America Parkway","Paris","DE","193-940-1905","C1084","","55758"
"1443","Inactive","Contractor","EMP1443","Charissa","Chapland","Charissa Chapland","THEY/THEM","1792","2020-07-12","True","Sales","Pharma","CC7018","Fabrikam","Middle East","Sales Executive","202 Great America Parkway","Paris","UK","259-915-1098","P2301","GIQ23","36549"
"1846","Active","Contractor","EMP1846","June","Si","June Si","THEY/THEM","1667","2013-03-09","True","Human Resources","Garments","CC7018","Fabrikam","North America","Director","202 Great America Parkway","Munich","IN","150-150-1586","C1084","","60416"
"1971","Inactive","Contractor","EMP1971","Meg","Brackely","Meg Brackely","THEY/THEM","1864","2019-09-11","True","Product Marketing","Food","CC2001","Woodgrove","Asia Pacific","Business Analyst","698 Menlo Rd","Mumbai","FR","150-150-1586","C1084","BTK39","31785"
"1763","Inactive","Contractor","EMP1763","Zsa Zsa","Hourigan","Zsa Zsa Hourigan","SHE/HER","1008","2020-06-11","True","Sales","Food","CC5081","Fabrikam","Asia Pacific","Accountant","101 Woodgrove Way","Frankfurt","IN","451-190-0893","C1084","","20486"
"1261","Active","Contractor","EMP1261","Alia","Jagir","Alia Jagir","THEY/THEM","1976","2013-02-27","False","Finance","Food","CC5081","Woodgrove","Europe","Vice President","698 Menlo Rd","London","DE","451-190-0893","T1001","","47683"
"1705","Active","Contractor","EMP1705","Harmonia","Lemuela","Harmonia Lemuela","THEY/THEM","1048","2011-04-01","True","Finance","Food","CC1005","Woodgrove","Europe","Sales Executive","","San Francisco","US","150-150-1586","C1084","","51767"
"1202","Active","Contractor","EMP1202","Ketti","Skell","Ketti Skell","THEY/THEM","1391","2020-01-17","False","Manufacturing","Media","CC7018","Woodgrove","Middle East","Director","","San Francisco","FR","150-150-1586","C1084","","36421"
"1897","Inactive","Contractor","EMP1897","Ayn","Alfons","Ayn Alfons","SHE/HER","1307","2017-05-11","True","Manufacturing","Pharma","CC7018","Fabrikam","Asia Pacific","Director","698 Menlo Rd","Frankfurt","US","937-903-9108","P2301","GUD01","49001"
"1061","Active","Contractor","EMP1061","Corene","Corabella","Corene Corabella","THEY/THEM","1317","2018-04-14","True","Product Marketing","Food","CC2001","Woodgrove","Asia Pacific","Program Manager","303 Mansion Ct","Paris","DE","345-789-1234","P2301","","88347"
"1216","Inactive","Contractor","EMP1216","Sophia","Rurik","Sophia Rurik","THEY/THEM","1565","2014-09-19","False","Sales","Pharma","CC7018","Contoso","North America","Software Developer","303 Mansion Ct","San Francisco","US","937-903-9108","Y1083","ALK34","63207"
"1141","Inactive","Contractor","EMP1141","Bobinette","Jobi","Bobinette Jobi","SHE/HER","1920","2017-08-14","True","Product Marketing","Garments","CC4830","Fabrikam","Asia Pacific","Accountant","202 Great America Parkway","Paris","FR","193-940-1905","Y1083","","33033"
"1591","Inactive","Contractor","EMP1591","Alleen","Daniele","Alleen Daniele","THEY/THEM","1525","2021-12-18","True","Human Resources","Garments","CC2001","Contoso","Europe","Vice President","303 Mansion Ct","Chicago","FR","259-915-1098","Y1083","GUD01","68664"
"1019","Inactive","Contractor","EMP1019","Ekaterina","Paton","Ekaterina Paton","HE/HIM","1616","2021-11-23","True","Product Marketing","Electronics","CC4830","Contoso","North America","Project Manager","698 Menlo Rd","Mumbai","US","150-150-1586","T1001","BTK39","69285"
"1314","Inactive","Contractor","EMP1314","Blake","Cloris","Blake Cloris","HE/HIM","1337","2021-07-17","True","Human Resources","Electronics","CC4830","Woodgrove","Europe","Director","303 Mansion Ct","Mumbai","FR","193-940-1905","P2301","GIQ23","59137"
"1261","Inactive","Contractor","EMP1261","Aubrie","Pattin","Aubrie Pattin","HE/HIM","1734","2019-12-20","True","Human Resources","Electronics","CC7018","Fabrikam","Asia Pacific","Project Manager","698 Menlo Rd","San Francisco","DE","193-940-1905","T1001","ALK34","67600"
"1649","Active","Contractor","EMP1649","Oona","Lucienne","Oona Lucienne","SHE/HER","1627","2021-02-06","True","Finance","Food","CC4830","Fabrikam","North America","Project Manager","303 Mansion Ct","Frankfurt","IN","451-190-0893","Y1083","","61487"
"1746","Active","Contractor","EMP1746","Chickie","Danby","Chickie Danby","THEY/THEM","1456","2018-10-21","False","Finance","Media","CC2001","Fabrikam","Middle East","Accountant","202 Great America Parkway","Mumbai","US","150-150-1586","Y1083","GIQ23","16555"
"1267","Inactive","Contractor","EMP1267","Chloris","Bakerman","Chloris Bakerman","THEY/THEM","1129","2018-07-02","True","Product Engineering","Pharma","CC2001","Woodgrove","North America","Vice President","404 Legacy Dr","Frankfurt","FR","937-903-9108","P2301","GIQ23","81468"
"1211","Active","Contractor","EMP1211","Esmeralda","Pillsbury","Esmeralda Pillsbury","THEY/THEM","1163","2013-02-24","False","Human Resources","Electronics","CC3035","Woodgrove","Middle East","Project Manager","698 Menlo Rd","Munich","IN","259-915-1098","C1084","BTK39","28288"
"1062","Inactive","Contractor","EMP1062","Karina","Kylander","Karina Kylander","HE/HIM","1559","2018-10-17","False","Sales","Pharma","CC3035","Contoso","Europe","Vice President","303 Mansion Ct","Chicago","UK","150-150-1586","P2301","ALK34","17311"
"1138","Inactive","Contractor","EMP1138","Elvira","Elvyn","Elvira Elvyn","HE/HIM","1810","2021-10-03","True","Sales","Electronics","CC1005","Woodgrove","Asia Pacific","Project Manager","101 Woodgrove Way","Munich","FR","345-789-1234","P2301","GIQ23","15139"
"1643","Inactive","Contractor","EMP1643","Delilah","Trace","Delilah Trace","HE/HIM","1668","2015-11-16","False","Sales","Food","CC3035","Woodgrove","North America","Project Manager","303 Mansion Ct","Paris","UK","150-150-1586","P2301","GUD01","25267"
"1754","Active","Contractor","EMP1754","Jaime","Urias","Jaime Urias","HE/HIM","1822","2021-06-30","False","Product Marketing","Food","CC4830","Woodgrove","Asia Pacific","Software Developer","","Paris","DE","345-789-1234","T1001","GUD01","52242"
"1560","Active","Contractor","EMP1560","Robbi","Fabiola","Robbi Fabiola","SHE/HER","1611","2017-12-18","True","Finance","Media","CC7018","Contoso","North America","Accountant","202 Great America Parkway","Mumbai","UK","345-789-1234","T1001","GIQ23","64486"
"1321","Active","Contractor","EMP1321","Almeta","Couture","Almeta Couture","HE/HIM","1969","2010-01-10","True","Sales","Pharma","CC7018","Woodgrove","Asia Pacific","Software Developer","303 Mansion Ct","Munich","UK","193-940-1905","P2301","BTK39","24383"
"1839","Inactive","Contractor","EMP1839","Jackie","Publia","Jackie Publia","HE/HIM","1872","2020-01-03","False","Product Marketing","Garments","CC7018","Fabrikam","Europe","Director","101 Woodgrove Way","Paris","DE","259-915-1098","T1001","ALK34","81889"
"1847","Active","Contractor","EMP1847","Trudie","Loring","Trudie Loring","SHE/HER","1622","2018-05-08","False","Finance","Pharma","CC9016","Contoso","North America","Business Analyst","","San Francisco","FR","259-915-1098","T1001","ALK34","67896"
"1294","Active","Contractor","EMP1294","Deedee","Mendez","Deedee Mendez","SHE/HER","1933","2011-05-26","False","Human Resources","Pharma","CC3035","Contoso","Asia Pacific","Vice President","202 Great America Parkway","Paris","US","259-915-1098","P2301","BTK39","21832"
"1727","Inactive","Contractor","EMP1727","Camile","Winthorpe","Camile Winthorpe","SHE/HER","1736","2022-03-17","False","Finance","Media","CC3035","Woodgrove","North America","Vice President","202 Great America Parkway","London","IN","451-190-0893","T1001","BTK39","24829"
"1290","Inactive","Contractor","EMP1290","Myrtice","Rurik","Myrtice Rurik","SHE/HER","1232","2011-01-11","False","Manufacturing","Media","CC2001","Fabrikam","Middle East","Vice President","404 Legacy Dr","Mumbai","DE","789-093-2560","T1001","GUD01","80102"
"1262","Inactive","Contractor","EMP1262","Lynnea","Jillane","Lynnea Jillane","THEY/THEM","1275","2020-10-23","True","Finance","Food","CC9016","Woodgrove","Middle East","Software Developer","303 Mansion Ct","San Francisco","FR","150-150-1586","T1001","GUD01","83814"
"1921","Inactive","Contractor","EMP1921","Tracey","Birdella","Tracey Birdella","THEY/THEM","1406","2017-08-10","True","Sales","Pharma","CC7018","Woodgrove","Asia Pacific","Project Manager","202 Great America Parkway","Paris","DE","345-789-1234","Y1083","GUD01","41387"
"1620","Inactive","Contractor","EMP1620","Mariann","Lauraine","Mariann Lauraine","THEY/THEM","1197","2018-07-04","True","Product Marketing","Garments","CC1005","Fabrikam","Europe","Vice President","202 Great America Parkway","Mumbai","DE","451-190-0893","T1001","ALK34","58269"
"1064","Inactive","Contractor","EMP1064","Molli","Wiener","Molli Wiener","SHE/HER","1209","2022-03-15","False","Human Resources","Pharma","CC7018","Woodgrove","Middle East","Business Analyst","202 Great America Parkway","San Francisco","UK","451-190-0893","C1084","","46810"
"1620","Inactive","Contractor","EMP1620","Arlina","Marijo","Arlina Marijo","THEY/THEM","1717","2022-05-07","True","Product Marketing","Electronics","CC4830","Contoso","Middle East","Customer Service Representative","698 Menlo Rd","Munich","IN","937-903-9108","C1084","","22368"
"1611","Inactive","Contractor","EMP1611","Netty","Adamsen","Netty Adamsen","HE/HIM","1533","2015-02-25","False","Sales","Garments","CC9016","Contoso","Middle East","Engineering Manager","698 Menlo Rd","Paris","IN","259-915-1098","Y1083","GIQ23","84597"
"1068","Active","Contractor","EMP1068","Kirbee","Bevin","Kirbee Bevin","SHE/HER","1800","2011-05-23","True","Manufacturing","Media","CC4830","Contoso","Europe","Software Developer","698 Menlo Rd","Munich","UK","150-150-1586","Y1083","ALK34","83457"
"1657","Active","Contractor","EMP1657","Hollie","Mullane","Hollie Mullane","THEY/THEM","1579","2020-09-02","True","Sales","Pharma","CC4830","Woodgrove","North America","Program Manager","303 Mansion Ct","London","FR","345-789-1234","P2301","BTK39","37925"
"1171","Active","Contractor","EMP1171","Rivalee","Grayce","Rivalee Grayce","THEY/THEM","1212","2021-12-21","False","Product Marketing","Food","CC1005","Woodgrove","Europe","Project Manager","","London","DE","789-093-2560","Y1083","ALK34","37489"
"1792","Inactive","Contractor","EMP1792","Justinn","Montgomery","Justinn Montgomery","SHE/HER","1743","2012-09-18","True","Product Engineering","Pharma","CC9016","Fabrikam","Middle East","Business Analyst","","Munich","FR","937-903-9108","T1001","GIQ23","85681"
"1142","Inactive","Contractor","EMP1142","Yolane","Oriana","Yolane Oriana","HE/HIM","1985","2012-07-27","False","Finance","Electronics","CC9016","Contoso","Middle East","Vice President","202 Great America Parkway","London","FR","789-093-2560","T1001","BTK39","21508"
"1800","Inactive","Contractor","EMP1800","Noelle","Gilbertson","Noelle Gilbertson","HE/HIM","1753","2021-02-12","False","Human Resources","Food","CC1005","Woodgrove","Asia Pacific","Program Manager","698 Menlo Rd","Munich","DE","150-150-1586","P2301","BTK39","70492"
"1461","Active","Contractor","EMP1461","Mariele","Francyne","Mariele Francyne","THEY/THEM","1050","2011-06-14","True","Finance","Media","CC4830","Woodgrove","North America","Director","202 Great America Parkway","Mumbai","DE","259-915-1098","Y1083","BTK39","47993"
"1230","Inactive","Contractor","EMP1230","Sheree","Catie","Sheree Catie","HE/HIM","1881","2013-06-04","False","Finance","Food","CC7018","Contoso","Asia Pacific","Program Manager","404 Legacy Dr","Mumbai","UK","937-903-9108","T1001","GIQ23","79212"
"1877","Inactive","Contractor","EMP1877","Berget","Rossner","Berget Rossner","SHE/HER","1408","2013-04-02","False","Human Resources","Media","CC9016","Fabrikam","North America","Director","698 Menlo Rd","Munich","US","789-093-2560","T1001","","80322"
"1058","Active","Contractor","EMP1058","Kassey","Johnsson","Kassey Johnsson","HE/HIM","1228","2018-12-08","False","Manufacturing","Garments","CC5081","Fabrikam","North America","Sales Executive","","Munich","DE","193-940-1905","T1001","BTK39","57711"
"1521","Active","Contractor","EMP1521","Antonietta","Chaing","Antonietta Chaing","SHE/HER","1158","2014-12-15","False","Product Engineering","Media","CC5081","Woodgrove","Europe","Vice President","101 Woodgrove Way","Munich","IN","789-093-2560","P2301","","57662"
"1815","Inactive","Contractor","EMP1815","Henriette","Flyn","Henriette Flyn","THEY/THEM","1434","2015-03-31","False","Product Marketing","Food","CC7018","Woodgrove","Europe","Project Manager","101 Woodgrove Way","Chicago","UK","193-940-1905","T1001","BTK39","79652"
"1106","Active","Contractor","EMP1106","Celestyna","Flyn","Celestyna Flyn","THEY/THEM","1316","2017-04-01","False","Product Marketing","Pharma","CC7018","Woodgrove","Europe","Project Manager","","Frankfurt","FR","150-150-1586","T1001","ALK34","15104"
"1279","Active","Contractor","EMP1279","Lorenza","Frodi","Lorenza Frodi","SHE/HER","1228","2017-02-05","True","Product Engineering","Food","CC9016","Contoso","North America","Software Developer","202 Great America Parkway","San Francisco","DE","451-190-0893","T1001","ALK34","63204"
"1320","Inactive","Contractor","EMP1320","Gwyneth","Bertold","Gwyneth Bertold","THEY/THEM","1054","2019-01-14","False","Manufacturing","Media","CC3035","Woodgrove","North America","Customer Service Representative","303 Mansion Ct","San Francisco","US","451-190-0893","T1001","BTK39","48991"
"1533","Active","Contractor","EMP1533","Joane","Yam","Joane Yam","THEY/THEM","1604","2013-05-29","True","Human Resources","Media","CC5081","Woodgrove","North America","Software Developer","404 Legacy Dr","San Francisco","FR","789-093-2560","P2301","BTK39","21300"
"1503","Active","Contractor","EMP1503","Viki","Georgy","Viki Georgy","SHE/HER","1824","2013-03-26","False","Manufacturing","Garments","CC4830","Contoso","Middle East","Program Manager","101 Woodgrove Way","Chicago","FR","937-903-9108","P2301","GIQ23","85978"
"1207","Active","Contractor","EMP1207","Alameda","Boehike","Alameda Boehike","SHE/HER","1859","2017-07-04","False","Manufacturing","Electronics","CC3035","Woodgrove","Middle East","Sales Executive","303 Mansion Ct","Paris","IN","789-093-2560","C1084","ALK34","88163"
"1013","Active","Contractor","EMP1013","Loree","Medrek","Loree Medrek","THEY/THEM","1593","2021-07-11","False","Human Resources","Pharma","CC7018","Contoso","North America","Software Developer","303 Mansion Ct","Chicago","DE","451-190-0893","C1084","GUD01","77412"
"1473","Active","Contractor","EMP1473","Dorothy","Olnee","Dorothy Olnee","SHE/HER","1529","2018-06-03","True","Sales","Food","CC9016","Fabrikam","Asia Pacific","Director","404 Legacy Dr","London","FR","937-903-9108","Y1083","","71770"
"1097","Inactive","Contractor","EMP1097","Ivett","Shelba","Ivett Shelba","SHE/HER","1419","2019-11-08","False","Product Marketing","Pharma","CC5081","Contoso","Asia Pacific","Program Manager","303 Mansion Ct","Chicago","FR","193-940-1905","C1084","GUD01","29259"
"1097","Inactive","Contractor","EMP1097","Christy","Simmonds","Christy Simmonds","HE/HIM","1387","2012-01-06","False","Human Resources","Food","CC5081","Contoso","North America","Customer Service Representative","101 Woodgrove Way","Mumbai","IN","451-190-0893","C1084","ALK34","76175"
"1804","Inactive","Contractor","EMP1804","Daryl","Roxanna","Daryl Roxanna","HE/HIM","1204","2019-11-10","True","Human Resources","Pharma","CC9016","Contoso","Europe","Vice President","101 Woodgrove Way","Mumbai","UK","789-093-2560","P2301","","87588"
"1984","Active","Contractor","EMP1984","Tatiania","Baylor","Tatiania Baylor","HE/HIM","1596","2021-12-30","False","Product Engineering","Media","CC9016","Woodgrove","Europe","Vice President","404 Legacy Dr","Munich","US","345-789-1234","P2301","ALK34","17910"
"1430","Active","Contractor","EMP1430","Gerrie","Hollingsworth","Gerrie Hollingsworth","SHE/HER","1880","2019-03-03","False","Finance","Media","CC7018","Contoso","North America","Engineering Manager","","Munich","FR","150-150-1586","P2301","","85135"
"1041","Active","Contractor","EMP1041","Annaliese","Felizio","Annaliese Felizio","THEY/THEM","1869","2019-08-18","False","Sales","Garments","CC1005","Woodgrove","Europe","Software Developer","698 Menlo Rd","London","DE","937-903-9108","T1001","","53105"
"1953","Active","Contractor","EMP1953","Mariann","Dawkins","Mariann Dawkins","SHE/HER","1683","2020-06-01","True","Manufacturing","Food","CC7018","Fabrikam","Asia Pacific","Sales Executive","303 Mansion Ct","Paris","DE","789-093-2560","T1001","GUD01","21928"
"1502","Active","Contractor","EMP1502","Norine","Shuler","Norine Shuler","THEY/THEM","1848","2018-07-19","True","Human Resources","Garments","CC1005","Contoso","Middle East","Project Manager","698 Menlo Rd","San Francisco","DE","345-789-1234","Y1083","BTK39","61601"
"1603","Inactive","Contractor","EMP1603","Thalia","Evangelia","Thalia Evangelia","HE/HIM","1720","2010-05-11","True","Product Engineering","Garments","CC9016","Contoso","Europe","Program Manager","","Paris","US","937-903-9108","T1001","ALK34","40681"
"1202","Active","Contractor","EMP1202","Carly","Hylan","Carly Hylan","THEY/THEM","1011","2016-03-20","True","Product Engineering","Pharma","CC5081","Contoso","Europe","Engineering Manager","698 Menlo Rd","London","UK","937-903-9108","Y1083","GUD01","27391"
"1876","Active","Contractor","EMP1876","Helena","Ade","Helena Ade","THEY/THEM","1694","2016-10-15","True","Finance","Food","CC9016","Contoso","Europe","Director","202 Great America Parkway","San Francisco","IN","193-940-1905","T1001","","56635"
"1566","Inactive","Contractor","EMP1566","Winny","Annice","Winny Annice","THEY/THEM","1909","2011-10-23","True","Product Engineering","Media","CC3035","Woodgrove","Europe","Engineering Manager","","Frankfurt","US","789-093-2560","P2301","GUD01","80724"
"1067","Active","Contractor","EMP1067","Flo","Papageno","Flo Papageno","THEY/THEM","1821","2011-12-31","False","Product Engineering","Pharma","CC7018","Contoso","Asia Pacific","Engineering Manager","698 Menlo Rd","London","FR","451-190-0893","P2301","BTK39","17400"
"1641","Active","Contractor","EMP1641","Annaliese","Arne","Annaliese Arne","THEY/THEM","1473","2011-10-09","False","Manufacturing","Media","CC5081","Fabrikam","Asia Pacific","Business Analyst","404 Legacy Dr","Chicago","FR","150-150-1586","Y1083","GIQ23","66799"
"1635","Inactive","Contractor","EMP1635","Kimmy","Carlson","Kimmy Carlson","SHE/HER","1021","2011-01-06","False","Finance","Pharma","CC3035","Fabrikam","North America","Customer Service Representative","303 Mansion Ct","Paris","FR","937-903-9108","C1084","GUD01","75970"
"1357","Active","Contractor","EMP1357","Tomasina","Barney","Tomasina Barney","THEY/THEM","1493","2012-07-30","False","Product Marketing","Pharma","CC4830","Contoso","Europe","Project Manager","698 Menlo Rd","San Francisco","DE","789-093-2560","T1001","","34332"
"1592","Active","Contractor","EMP1592","Bernie","Fadiman","Bernie Fadiman","SHE/HER","1055","2010-07-16","True","Finance","Media","CC1005","Fabrikam","Asia Pacific","Program Manager","698 Menlo Rd","San Francisco","UK","193-940-1905","P2301","GIQ23","73087"
"1825","Inactive","Contractor","EMP1825","Marguerite","Christine","Marguerite Christine","THEY/THEM","1324","2016-11-01","True","Product Engineering","Pharma","CC5081","Contoso","Europe","Engineering Manager","","Frankfurt","DE","259-915-1098","P2301","GIQ23","57846"
"1148","Inactive","Contractor","EMP1148","Gusty","Miru","Gusty Miru","SHE/HER","1160","2013-01-09","False","Product Engineering","Electronics","CC9016","Contoso","Middle East","Director","101 Woodgrove Way","San Francisco","DE","451-190-0893","P2301","ALK34","82382"
"1687","Active","Contractor","EMP1687","Hermione","Karna","Hermione Karna","HE/HIM","1157","2017-02-03","False","Sales","Media","CC3035","Woodgrove","Middle East","Engineering Manager","404 Legacy Dr","Paris","UK","789-093-2560","T1001","BTK39","28337"
"1298","Inactive","Contractor","EMP1298","Heddie","Salchunas","Heddie Salchunas","THEY/THEM","1197","2017-08-04","False","Finance","Garments","CC3035","Contoso","Europe","Software Developer","202 Great America Parkway","San Francisco","UK","937-903-9108","Y1083","GIQ23","89353"
"1328","Inactive","Contractor","EMP1328","Carree","Odell","Carree Odell","THEY/THEM","1741","2015-07-26","False","Product Marketing","Pharma","CC9016","Contoso","Asia Pacific","Business Analyst","101 Woodgrove Way","Paris","US","150-150-1586","C1084","GIQ23","24212"
"1699","Active","Contractor","EMP1699","Shaylyn","Rooney","Shaylyn Rooney","THEY/THEM","1917","2018-03-07","False","Human Resources","Electronics","CC1005","Fabrikam","Middle East","Engineering Manager","101 Woodgrove Way","San Francisco","FR","259-915-1098","P2301","","81977"
"1015","Inactive","Contractor","EMP1015","Blinni","Bari","Blinni Bari","SHE/HER","1107","2018-06-29","False","Finance","Garments","CC3035","Woodgrove","Middle East","Accountant","698 Menlo Rd","San Francisco","DE","193-940-1905","T1001","GUD01","30975"
"1565","Active","Contractor","EMP1565","Aigneis","Burnside","Aigneis Burnside","HE/HIM","1831","2021-10-31","True","Manufacturing","Garments","CC2001","Woodgrove","Middle East","Business Analyst","698 Menlo Rd","San Francisco","US","345-789-1234","C1084","ALK34","75431"
"1011","Active","Contractor","EMP1011","Britni","Mich","Britni Mich","SHE/HER","1065","2012-03-03","False","Human Resources","Garments","CC3035","Contoso","Europe","Accountant","404 Legacy Dr","Frankfurt","FR","193-940-1905","T1001","","38728"
"1694","Inactive","Contractor","EMP1694","Jemie","Philipp","Jemie Philipp","THEY/THEM","1337","2010-07-03","False","Product Marketing","Electronics","CC9016","Woodgrove","Europe","Customer Service Representative","404 Legacy Dr","Paris","US","259-915-1098","P2301","GUD01","65596"
"1046","Active","Contractor","EMP1046","Juliane","Kathie","Juliane Kathie","HE/HIM","1973","2010-01-29","True","Product Engineering","Garments","CC3035","Woodgrove","North America","Accountant","101 Woodgrove Way","London","DE","451-190-0893","Y1083","GIQ23","29842"
"1556","Active","Contractor","EMP1556","Annecorinne","Chrystel","Annecorinne Chrystel","THEY/THEM","1351","2017-05-31","True","Product Marketing","Garments","CC3035","Fabrikam","North America","Business Analyst","202 Great America Parkway","Frankfurt","IN","193-940-1905","P2301","GUD01","78905"
"1774","Active","Contractor","EMP1774","Wendi","Cookie","Wendi Cookie","THEY/THEM","1383","2011-05-05","True","Product Engineering","Media","CC9016","Woodgrove","Asia Pacific","Director","","Paris","UK","259-915-1098","T1001","BTK39","89554"
"1006","Inactive","Contractor","EMP1006","Ofilia","Kress","Ofilia Kress","THEY/THEM","1921","2020-01-19","False","Product Engineering","Food","CC1005","Fabrikam","Europe","Accountant","101 Woodgrove Way","Munich","UK","345-789-1234","T1001","BTK39","25532"
"1431","Active","Contractor","EMP1431","Hyacinthe","Raimondo","Hyacinthe Raimondo","THEY/THEM","1150","2020-06-25","True","Finance","Food","CC5081","Woodgrove","Asia Pacific","Software Developer","101 Woodgrove Way","Chicago","UK","451-190-0893","C1084","GIQ23","67315"
"1747","Inactive","Contractor","EMP1747","Corry","Japeth","Corry Japeth","SHE/HER","1551","2019-09-26","True","Product Marketing","Pharma","CC7018","Contoso","Europe","Engineering Manager","101 Woodgrove Way","London","FR","150-150-1586","T1001","GUD01","27307"
"1106","Active","Contractor","EMP1106","Larine","Noam","Larine Noam","SHE/HER","1418","2020-11-08","False","Finance","Electronics","CC4830","Contoso","North America","Software Developer","404 Legacy Dr","Chicago","US","345-789-1234","T1001","GUD01","47284"
